 PTC IGES file: 022272031.igs                                           S      1
1H,,1H;,9H022272031,13H022272031.igs,                                   G      1
52HCreo Parametric by Parametric Technology Corporation,7H2011490,32,   G      2
38,7,38,15,9H022272031,1.,2,2HMM,32768,0.5,15H20150413.102327,          G      3
0.00180152,18.0159,2Hme,7HUnknown,10,0,15H20150413.102327;              G      4
     314       1       1       1       0       0       0       001000200D      1
     314       0       7       1       0                   COLOR       1D      2
     314       2       1       1       0       0       0       001000200D      3
     314       0       4       1       0                   COLOR       2D      4
     314       3       1       1       0       0       0       001000200D      5
     314       0       1       1       0                   COLOR       3D      6
     314       4       1       1       0       0       0       001000200D      7
     314       0       1       1       0                   COLOR       4D      8
     314       5       1       1       0       0       0       001000200D      9
     314       0       2       1       0                   COLOR       5D     10
     314       6       1       1       0       0       0       001000200D     11
     314       0       8       1       0                   COLOR       6D     12
     314       7       1       1       0       0       0       001000200D     13
     314       0       8       1       0                   COLOR       7D     14
     314       8       1       1       0       0       0       001000200D     15
     314       0       8       1       0                   COLOR       8D     16
     314       9       1       1       0       0       0       001000200D     17
     314       0       8       1       0                   COLOR       9D     18
     314      10       1       1       0       0       0       001000200D     19
     314       0       5       1       0                   COLOR      10D     20
     314      11       1       1       0       0       0       001000200D     21
     314       0       8       1       0                   COLOR      11D     22
     110      12       1       1       0       0       0       001010000D     23
     110       0       0       1       0                    LINE       1D     24
     110      13       1       1       0       0       0       001010000D     25
     110       0       0       1       0                    LINE       2D     26
     110      14       1       1       0       0       0       001010000D     27
     110       0       0       1       0                    LINE       3D     28
     110      15       1       1       0       0       0       001010000D     29
     110       0       0       1       0                    LINE       4D     30
     110      16       1       1       0       0       0       001010000D     31
     110       0       0       1       0                    LINE       5D     32
     110      17       1       1       0       0       0       001010000D     33
     110       0       0       1       0                    LINE       6D     34
     110      18       1       1       0       0       0       001010000D     35
     110       0       0       1       0                    LINE       7D     36
     110      19       1       1       0       0       0       001010000D     37
     110       0       0       1       0                    LINE       8D     38
     110      20       1       1       0       0       0       001010000D     39
     110       0       0       1       0                    LINE       9D     40
     110      21       1       1       0       0       0       001010000D     41
     110       0       0       1       0                    LINE      10D     42
     110      22       1       1       0       0       0       001010000D     43
     110       0       0       1       0                    LINE      11D     44
     110      23       1       1       0       0       0       001010000D     45
     110       0       0       1       0                    LINE      12D     46
     110      24       1       1       0       0       0       001010000D     47
     110       0       0       1       0                    LINE      13D     48
     110      25       1       1       0       0       0       001010000D     49
     110       0       0       1       0                    LINE      14D     50
     110      26       1       1       0       0       0       001010000D     51
     110       0       0       1       0                    LINE      15D     52
     110      27       1       1       0       0       0       001010000D     53
     110       0       0       1       0                    LINE      16D     54
     110      28       1       1       0       0       0       001010000D     55
     110       0       0       1       0                    LINE      17D     56
     110      29       1       1       0       0       0       001010000D     57
     110       0       0       1       0                    LINE      18D     58
     110      30       1       1       0       0       0       001010000D     59
     110       0       0       1       0                    LINE      19D     60
     110      31       1       1       0       0       0       001010000D     61
     110       0       0       1       0                    LINE      20D     62
     110      32       1       1       0       0       0       001010000D     63
     110       0       0       1       0                    LINE      21D     64
     110      33       1       1       0       0       0       001010000D     65
     110       0       0       1       0                    LINE      22D     66
     110      34       1       1       0       0       0       001010000D     67
     110       0       0       1       0                    LINE      23D     68
     110      35       1       1       0       0       0       001010000D     69
     110       0       0       1       0                    LINE      24D     70
     110      36       1       1       0       0       0       001010000D     71
     110       0       0       1       0                    LINE      25D     72
     110      37       1       1       0       0       0       001010000D     73
     110       0       0       1       0                    LINE      26D     74
     110      38       1       1       0       0       0       001010000D     75
     110       0       0       1       0                    LINE      27D     76
     110      39       1       1       0       0       0       001010000D     77
     110       0       0       1       0                    LINE      28D     78
     110      40       1       1       0       0       0       001010000D     79
     110       0       0       1       0                    LINE      29D     80
     110      41       1       1       0       0       0       001010000D     81
     110       0       0       1       0                    LINE      30D     82
     110      42       1       1       0       0       0       001010000D     83
     110       0       0       1       0                    LINE      31D     84
     110      43       1       1       0       0       0       001010000D     85
     110       0       0       1       0                    LINE      32D     86
     110      44       1       1       0       0       0       001010000D     87
     110       0       0       1       0                    LINE      33D     88
     110      45       1       1       0       0       0       001010000D     89
     110       0       0       1       0                    LINE      34D     90
     110      46       1       1       0       0       0       001010000D     91
     110       0       0       1       0                    LINE      35D     92
     110      47       1       1       0       0       0       001010000D     93
     110       0       0       1       0                    LINE      36D     94
     110      48       1       1       0       0       0       001010000D     95
     110       0       0       1       0                    LINE      37D     96
     110      49       1       1       0       0       0       001010000D     97
     110       0       0       1       0                    LINE      38D     98
     110      50       1       1       0       0       0       001010000D     99
     110       0       0       1       0                    LINE      39D    100
     110      51       1       1       0       0       0       001010000D    101
     110       0       0       1       0                    LINE      40D    102
     110      52       1       1       0       0       0       001010000D    103
     110       0       0       1       0                    LINE      41D    104
     110      53       1       1       0       0       0       001010000D    105
     110       0       0       1       0                    LINE      42D    106
     110      54       1       1       0       0       0       001010000D    107
     110       0       0       1       0                    LINE      43D    108
     110      55       1       1       0       0       0       001010000D    109
     110       0       0       1       0                    LINE      44D    110
     110      56       1       1       0       0       0       001010000D    111
     110       0       0       1       0                    LINE      45D    112
     110      57       1       1       0       0       0       001010000D    113
     110       0       0       1       0                    LINE      46D    114
     110      58       1       1       0       0       0       001010000D    115
     110       0       0       1       0                    LINE      47D    116
     110      59       1       1       0       0       0       001010000D    117
     110       0       0       1       0                    LINE      48D    118
     110      60       1       1       0       0       0       001010000D    119
     110       0       0       1       0                    LINE      49D    120
     110      61       1       1       0       0       0       001010000D    121
     110       0       0       1       0                    LINE      50D    122
     110      62       1       1       0       0       0       001010000D    123
     110       0       0       1       0                    LINE      51D    124
     110      63       1       1       0       0       0       001010000D    125
     110       0       0       1       0                    LINE      52D    126
     110      64       1       1       0       0       0       001010000D    127
     110       0       0       1       0                    LINE      53D    128
     110      65       1       1       0       0       0       001010000D    129
     110       0       0       1       0                    LINE      54D    130
     110      66       1       1       0       0       0       001010000D    131
     110       0       0       1       0                    LINE      55D    132
     110      67       1       1       0       0       0       001010000D    133
     110       0       0       1       0                    LINE      56D    134
     110      68       1       1       0       0       0       001010000D    135
     110       0       0       1       0                    LINE      57D    136
     110      69       1       1       0       0       0       001010000D    137
     110       0       0       1       0                    LINE      58D    138
     110      70       1       1       0       0       0       001010000D    139
     110       0       0       1       0                    LINE      59D    140
     110      71       1       1       0       0       0       001010000D    141
     110       0       0       1       0                    LINE      60D    142
     110      72       1       1       0       0       0       001010000D    143
     110       0       0       1       0                    LINE      61D    144
     110      73       1       1       0       0       0       001010000D    145
     110       0       0       1       0                    LINE      62D    146
     110      74       1       1       0       0       0       001010000D    147
     110       0       0       1       0                    LINE      63D    148
     110      75       1       1       0       0       0       001010000D    149
     110       0       0       1       0                    LINE      64D    150
     110      76       1       1       0       0       0       001010000D    151
     110       0       0       1       0                    LINE      65D    152
     110      77       1       1       0       0       0       001010000D    153
     110       0       0       1       0                    LINE      66D    154
     110      78       1       1       0       0       0       001010000D    155
     110       0       0       1       0                    LINE      67D    156
     110      79       1       1       0       0       0       001010000D    157
     110       0       0       2       0                    LINE      68D    158
     110      81       1       1       0       0       0       001010000D    159
     110       0       0       1       0                    LINE      69D    160
     110      82       1       1       0       0       0       001010000D    161
     110       0       0       1       0                    LINE      70D    162
     110      83       1       1       0       0       0       001010000D    163
     110       0       0       1       0                    LINE      71D    164
     110      84       1       1       0       0       0       001010000D    165
     110       0       0       1       0                    LINE      72D    166
     110      85       1       1       0       0       0       001010000D    167
     110       0       0       1       0                    LINE      73D    168
     110      86       1       1       0       0       0       001010000D    169
     110       0       0       1       0                    LINE      74D    170
     110      87       1       1       0       0       0       001010000D    171
     110       0       0       1       0                    LINE      75D    172
     110      88       1       1       0       0       0       001010000D    173
     110       0       0       1       0                    LINE      76D    174
     110      89       1       1       0       0       0       001010000D    175
     110       0       0       1       0                    LINE      77D    176
     110      90       1       1       0       0       0       001010000D    177
     110       0       0       1       0                    LINE      78D    178
     110      91       1       1       0       0       0       001010000D    179
     110       0       0       1       0                    LINE      79D    180
     110      92       1       1       0       0       0       001010000D    181
     110       0       0       1       0                    LINE      80D    182
     110      93       1       1       0       0       0       001010000D    183
     110       0       0       1       0                    LINE      81D    184
     110      94       1       1       0       0       0       001010000D    185
     110       0       0       1       0                    LINE      82D    186
     110      95       1       1       0       0       0       001010000D    187
     110       0       0       1       0                    LINE      83D    188
     110      96       1       1       0       0       0       001010000D    189
     110       0       0       1       0                    LINE      84D    190
     110      97       1       1       0       0       0       001010000D    191
     110       0       0       1       0                    LINE      85D    192
     110      98       1       1       0       0       0       001010000D    193
     110       0       0       1       0                    LINE      86D    194
     110      99       1       1       0       0       0       001010000D    195
     110       0       0       1       0                    LINE      87D    196
     110     100       1       1       0       0       0       001010000D    197
     110       0       0       1       0                    LINE      88D    198
     110     101       1       1       0       0       0       001010000D    199
     110       0       0       1       0                    LINE      89D    200
     110     102       1       1       0       0       0       001010000D    201
     110       0       0       1       0                    LINE      90D    202
     110     103       1       1       0       0       0       001010000D    203
     110       0       0       1       0                    LINE      91D    204
     110     104       1       1       0       0       0       001010000D    205
     110       0       0       1       0                    LINE      92D    206
     110     105       1       1       0       0       0       001010000D    207
     110       0       0       1       0                    LINE      93D    208
     110     106       1       1       0       0       0       001010000D    209
     110       0       0       1       0                    LINE      94D    210
     110     107       1       1       0       0       0       001010000D    211
     110       0       0       1       0                    LINE      95D    212
     110     108       1       1       0       0       0       001010000D    213
     110       0       0       1       0                    LINE      96D    214
     110     109       1       1       0       0       0       001010000D    215
     110       0       0       1       0                    LINE      97D    216
     110     110       1       1       0       0       0       001010000D    217
     110       0       0       1       0                    LINE      98D    218
     110     111       1       1       0       0       0       001010000D    219
     110       0       0       1       0                    LINE      99D    220
     110     112       1       1       0       0       0       001010000D    221
     110       0       0       1       0                    LINE     100D    222
     110     113       1       1       0       0       0       001010000D    223
     110       0       0       1       0                    LINE     101D    224
     110     114       1       1       0       0       0       001010000D    225
     110       0       0       1       0                    LINE     102D    226
     110     115       1       1       0       0       0       001010000D    227
     110       0       0       1       0                    LINE     103D    228
     110     116       1       1       0       0       0       001010000D    229
     110       0       0       1       0                    LINE     104D    230
     124     117       1       1       0       0       0       001000000D    231
     124       0       0       2       0                   XFORM       1D    232
     100     119       1       1       0       0     231       001010000D    233
     100       0       0       1       0                     ARC       1D    234
     110     120       1       1       0       0       0       001010000D    235
     110       0       0       1       0                    LINE     105D    236
     110     121       1       1       0       0       0       001010000D    237
     110       0       0       2       0                    LINE     106D    238
     110     123       1       1       0       0       0       001010000D    239
     110       0       0       2       0                    LINE     107D    240
     110     125       1       1       0       0       0       001010000D    241
     110       0       0       2       0                    LINE     108D    242
     110     127       1       1       0       0       0       001010000D    243
     110       0       0       1       0                    LINE     109D    244
     110     128       1       1       0       0       0       001010000D    245
     110       0       0       1       0                    LINE     110D    246
     124     129       1       1       0       0       0       001000000D    247
     124       0       0       1       0                   XFORM       2D    248
     100     130       1       1       0       0     247       001010000D    249
     100       0       0       1       0                     ARC       2D    250
     110     131       1       1       0       0       0       001010000D    251
     110       0       0       1       0                    LINE     111D    252
     110     132       1       1       0       0       0       001010000D    253
     110       0       0       1       0                    LINE     112D    254
     110     133       1       1       0       0       0       001010000D    255
     110       0       0       1       0                    LINE     113D    256
     110     134       1       1       0       0       0       001010000D    257
     110       0       0       1       0                    LINE     114D    258
     110     135       1       1       0       0       0       001010000D    259
     110       0       0       1       0                    LINE     115D    260
     110     136       1       1       0       0       0       001010000D    261
     110       0       0       1       0                    LINE     116D    262
     110     137       1       1       0       0       0       001010000D    263
     110       0       0       1       0                    LINE     117D    264
     110     138       1       1       0       0       0       001010000D    265
     110       0       0       1       0                    LINE     118D    266
     110     139       1       1       0       0       0       001010000D    267
     110       0       0       1       0                    LINE     119D    268
     110     140       1       1       0       0       0       001010000D    269
     110       0       0       2       0                    LINE     120D    270
     110     142       1       1       0       0       0       001010000D    271
     110       0       0       1       0                    LINE     121D    272
     110     143       1       1       0       0       0       001010000D    273
     110       0       0       2       0                    LINE     122D    274
     110     145       1       1       0       0       0       001010000D    275
     110       0       0       1       0                    LINE     123D    276
     110     146       1       1       0       0       0       001010000D    277
     110       0       0       1       0                    LINE     124D    278
     110     147       1       1       0       0       0       001010000D    279
     110       0       0       1       0                    LINE     125D    280
     110     148       1       1       0       0       0       001010000D    281
     110       0       0       1       0                    LINE     126D    282
     110     149       1       1       0       0       0       001010000D    283
     110       0       0       1       0                    LINE     127D    284
     110     150       1       1       0       0       0       001010000D    285
     110       0       0       1       0                    LINE     128D    286
     110     151       1       1       0       0       0       001010000D    287
     110       0       0       1       0                    LINE     129D    288
     110     152       1       1       0       0       0       001010000D    289
     110       0       0       1       0                    LINE     130D    290
     110     153       1       1       0       0       0       001010000D    291
     110       0       0       1       0                    LINE     131D    292
     110     154       1       1       0       0       0       001010000D    293
     110       0       0       1       0                    LINE     132D    294
     110     155       1       1       0       0       0       001010000D    295
     110       0       0       1       0                    LINE     133D    296
     110     156       1       1       0       0       0       001010000D    297
     110       0       0       1       0                    LINE     134D    298
     110     157       1       1       0       0       0       001010000D    299
     110       0       0       1       0                    LINE     135D    300
     110     158       1       1       0       0       0       001010000D    301
     110       0       0       2       0                    LINE     136D    302
     110     160       1       1       0       0       0       001010000D    303
     110       0       0       1       0                    LINE     137D    304
     110     161       1       1       0       0       0       001010000D    305
     110       0       0       1       0                    LINE     138D    306
     110     162       1       1       0       0       0       001010000D    307
     110       0       0       1       0                    LINE     139D    308
     110     163       1       1       0       0       0       001010000D    309
     110       0       0       1       0                    LINE     140D    310
     110     164       1       1       0       0       0       001010000D    311
     110       0       0       1       0                    LINE     141D    312
     110     165       1       1       0       0       0       001010000D    313
     110       0       0       1       0                    LINE     142D    314
     110     166       1       1       0       0       0       001010000D    315
     110       0       0       1       0                    LINE     143D    316
     110     167       1       1       0       0       0       001010000D    317
     110       0       0       1       0                    LINE     144D    318
     110     168       1       1       0       0       0       001010000D    319
     110       0       0       1       0                    LINE     145D    320
     110     169       1       1       0       0       0       001010000D    321
     110       0       0       1       0                    LINE     146D    322
     110     170       1       1       0       0       0       001010000D    323
     110       0       0       1       0                    LINE     147D    324
     110     171       1       1       0       0       0       001010000D    325
     110       0       0       1       0                    LINE     148D    326
     110     172       1       1       0       0       0       001010000D    327
     110       0       0       1       0                    LINE     149D    328
     110     173       1       1       0       0       0       001010000D    329
     110       0       0       1       0                    LINE     150D    330
     110     174       1       1       0       0       0       001010000D    331
     110       0       0       1       0                    LINE     151D    332
     110     175       1       1       0       0       0       001010000D    333
     110       0       0       1       0                    LINE     152D    334
     110     176       1       1       0       0       0       001010000D    335
     110       0       0       1       0                    LINE     153D    336
     110     177       1       1       0       0       0       001010000D    337
     110       0       0       2       0                    LINE     154D    338
     110     179       1       1       0       0       0       001010000D    339
     110       0       0       1       0                    LINE     155D    340
     110     180       1       1       0       0       0       001010000D    341
     110       0       0       1       0                    LINE     156D    342
     110     181       1       1       0       0       0       001010000D    343
     110       0       0       1       0                    LINE     157D    344
     110     182       1       1       0       0       0       001010000D    345
     110       0       0       1       0                    LINE     158D    346
     110     183       1       1       0       0       0       001010000D    347
     110       0       0       1       0                    LINE     159D    348
     110     184       1       1       0       0       0       001010000D    349
     110       0       0       1       0                    LINE     160D    350
     110     185       1       1       0       0       0       001010000D    351
     110       0       0       1       0                    LINE     161D    352
     110     186       1       1       0       0       0       001010000D    353
     110       0       0       1       0                    LINE     162D    354
     110     187       1       1       0       0       0       001010000D    355
     110       0       0       1       0                    LINE     163D    356
     110     188       1       1       0       0       0       001010000D    357
     110       0       0       1       0                    LINE     164D    358
     110     189       1       1       0       0       0       001010000D    359
     110       0       0       1       0                    LINE     165D    360
     110     190       1       1       0       0       0       001010000D    361
     110       0       0       1       0                    LINE     166D    362
     110     191       1       1       0       0       0       001010000D    363
     110       0       0       1       0                    LINE     167D    364
     110     192       1       1       0       0       0       001010000D    365
     110       0       0       2       0                    LINE     168D    366
     110     194       1       1       0       0       0       001010000D    367
     110       0       0       1       0                    LINE     169D    368
     110     195       1       1       0       0       0       001010000D    369
     110       0       0       1       0                    LINE     170D    370
     110     196       1       1       0       0       0       001010000D    371
     110       0       0       1       0                    LINE     171D    372
     110     197       1       1       0       0       0       001010000D    373
     110       0       0       1       0                    LINE     172D    374
     110     198       1       1       0       0       0       001010000D    375
     110       0       0       1       0                    LINE     173D    376
     110     199       1       1       0       0       0       001010000D    377
     110       0       0       1       0                    LINE     174D    378
     110     200       1       1       0       0       0       001010000D    379
     110       0       0       1       0                    LINE     175D    380
     110     201       1       1       0       0       0       001010000D    381
     110       0       0       1       0                    LINE     176D    382
     110     202       1       1       0       0       0       001010000D    383
     110       0       0       1       0                    LINE     177D    384
     110     203       1       1       0       0       0       001010000D    385
     110       0       0       1       0                    LINE     178D    386
     110     204       1       1       0       0       0       001010000D    387
     110       0       0       1       0                    LINE     179D    388
     110     205       1       1       0       0       0       001010000D    389
     110       0       0       1       0                    LINE     180D    390
     110     206       1       1       0       0       0       001010000D    391
     110       0       0       1       0                    LINE     181D    392
     110     207       1       1       0       0       0       001010000D    393
     110       0       0       1       0                    LINE     182D    394
     110     208       1       1       0       0       0       001010000D    395
     110       0       0       1       0                    LINE     183D    396
     110     209       1       1       0       0       0       001010000D    397
     110       0       0       1       0                    LINE     184D    398
     110     210       1       1       0       0       0       001010000D    399
     110       0       0       1       0                    LINE     185D    400
     110     211       1       1       0       0       0       001010000D    401
     110       0       0       2       0                    LINE     186D    402
     110     213       1       1       0       0       0       001010000D    403
     110       0       0       1       0                    LINE     187D    404
     110     214       1       1       0       0       0       001010000D    405
     110       0       0       1       0                    LINE     188D    406
     110     215       1       1       0       0       0       001010000D    407
     110       0       0       1       0                    LINE     189D    408
     110     216       1       1       0       0       0       001010000D    409
     110       0       0       1       0                    LINE     190D    410
     110     217       1       1       0       0       0       001010000D    411
     110       0       0       1       0                    LINE     191D    412
     110     218       1       1       0       0       0       001010000D    413
     110       0       0       1       0                    LINE     192D    414
     110     219       1       1       0       0       0       001010000D    415
     110       0       0       1       0                    LINE     193D    416
     110     220       1       1       0       0       0       001010000D    417
     110       0       0       1       0                    LINE     194D    418
     110     221       1       1       0       0       0       001010000D    419
     110       0       0       1       0                    LINE     195D    420
     110     222       1       1       0       0       0       001010000D    421
     110       0       0       1       0                    LINE     196D    422
     110     223       1       1       0       0       0       001010000D    423
     110       0       0       1       0                    LINE     197D    424
     110     224       1       1       0       0       0       001010000D    425
     110       0       0       1       0                    LINE     198D    426
     110     225       1       1       0       0       0       001010000D    427
     110       0       0       1       0                    LINE     199D    428
     110     226       1       1       0       0       0       001010000D    429
     110       0       0       1       0                    LINE     200D    430
     110     227       1       1       0       0       0       001010000D    431
     110       0       0       1       0                    LINE     201D    432
     110     228       1       1       0       0       0       001010000D    433
     110       0       0       1       0                    LINE     202D    434
     110     229       1       1       0       0       0       001010000D    435
     110       0       0       1       0                    LINE     203D    436
     110     230       1       1       0       0       0       001010000D    437
     110       0       0       1       0                    LINE     204D    438
     110     231       1       1       0       0       0       001010000D    439
     110       0       0       1       0                    LINE     205D    440
     110     232       1       1       0       0       0       001010000D    441
     110       0       0       1       0                    LINE     206D    442
     110     233       1       1       0       0       0       001010000D    443
     110       0       0       1       0                    LINE     207D    444
     110     234       1       1       0       0       0       001010000D    445
     110       0       0       2       0                    LINE     208D    446
     110     236       1       1       0       0       0       001010000D    447
     110       0       0       1       0                    LINE     209D    448
     110     237       1       1       0       0       0       001010000D    449
     110       0       0       1       0                    LINE     210D    450
     110     238       1       1       0       0       0       001010000D    451
     110       0       0       1       0                    LINE     211D    452
     110     239       1       1       0       0       0       001010000D    453
     110       0       0       1       0                    LINE     212D    454
     110     240       1       1       0       0       0       001010000D    455
     110       0       0       1       0                    LINE     213D    456
     110     241       1       1       0       0       0       001010000D    457
     110       0       0       1       0                    LINE     214D    458
     110     242       1       1       0       0       0       001010000D    459
     110       0       0       1       0                    LINE     215D    460
     110     243       1       1       0       0       0       001010000D    461
     110       0       0       1       0                    LINE     216D    462
     110     244       1       1       0       0       0       001010000D    463
     110       0       0       1       0                    LINE     217D    464
     110     245       1       1       0       0       0       001010000D    465
     110       0       0       1       0                    LINE     218D    466
     110     246       1       1       0       0       0       001010000D    467
     110       0       0       1       0                    LINE     219D    468
     110     247       1       1       0       0       0       001010000D    469
     110       0       0       1       0                    LINE     220D    470
     110     248       1       1       0       0       0       001010000D    471
     110       0       0       1       0                    LINE     221D    472
     110     249       1       1       0       0       0       001010000D    473
     110       0       0       1       0                    LINE     222D    474
     110     250       1       1       0       0       0       001010000D    475
     110       0       0       1       0                    LINE     223D    476
     502     251       1       1       0       0       0       001010000D    477
     502       0       0      56       1                  VERTEX       1D    478
     504     307       1       1       0       0       0       000010001D    479
     504       0       0      66       1                    EDGE       1D    480
     128     373       1       1       0       0       0       001010000D    481
     128       0       0       5       0                  SPLSRF       1D    482
     508     378       1       1       0       0       0       001010000D    483
     508       0       0       1       1                EDGELOOP       1D    484
     510     379       1       1       0       0       0       000010000D    485
     510       0       0       1       1                    FACE       1D    486
     128     380       1       1       0       0       0       001010000D    487
     128       0       0       5       0                  SPLSRF       2D    488
     508     385       1       1       0       0       0       001010000D    489
     508       0       0       4       1                EDGELOOP       2D    490
     510     389       1       1       0       0       0       000010000D    491
     510       0       0       1       1                    FACE       2D    492
     128     390       1       1       0       0       0       001010000D    493
     128       0       0       6       0                  SPLSRF       3D    494
     508     396       1       1       0       0       0       001010000D    495
     508       0       0       1       1                EDGELOOP       3D    496
     510     397       1       1       0       0       0       000010000D    497
     510       0       0       1       1                    FACE       3D    498
     128     398       1       1       0       0       0       001010000D    499
     128       0       0       5       0                  SPLSRF       4D    500
     508     403       1       1       0       0       0       001010000D    501
     508       0       0       1       1                EDGELOOP       4D    502
     510     404       1       1       0       0       0       000010000D    503
     510       0       0       1       1                    FACE       4D    504
     128     405       1       1       0       0       0       001010000D    505
     128       0       0       5       0                  SPLSRF       5D    506
     508     410       1       1       0       0       0       001010000D    507
     508       0       0       1       1                EDGELOOP       5D    508
     508     411       1       1       0       0       0       001010000D    509
     508       0       0       1       1                EDGELOOP       6D    510
     510     412       1       1       0       0       0       000010000D    511
     510       0       0       1       1                    FACE       5D    512
     128     413       1       1       0       0       0       001010000D    513
     128       0       0       5       0                  SPLSRF       6D    514
     508     418       1       1       0       0       0       001010000D    515
     508       0       0       1       1                EDGELOOP       7D    516
     508     419       1       1       0       0       0       001010000D    517
     508       0       0       1       1                EDGELOOP       8D    518
     510     420       1       1       0       0       0       000010000D    519
     510       0       0       1       1                    FACE       6D    520
     128     421       1       1       0       0       0       001010000D    521
     128       0       0       5       0                  SPLSRF       7D    522
     508     426       1       1       0       0       0       001010000D    523
     508       0       0       1       1                EDGELOOP       9D    524
     510     427       1       1       0       0       0       000010000D    525
     510       0       0       1       1                    FACE       7D    526
     128     428       1       1       0       0       0       001010000D    527
     128       0       0       6       0                  SPLSRF       8D    528
     508     434       1       1       0       0       0       001010000D    529
     508       0       0       1       1                EDGELOOP      10D    530
     510     435       1       1       0       0       0       000010000D    531
     510       0       0       1       1                    FACE       8D    532
     128     436       1       1       0       0       0       001010000D    533
     128       0       0       5       0                  SPLSRF       9D    534
     508     441       1       1       0       0       0       001010000D    535
     508       0       0       1       1                EDGELOOP      11D    536
     508     442       1       1       0       0       0       001010000D    537
     508       0       0       1       1                EDGELOOP      12D    538
     510     443       1       1       0       0       0       000010000D    539
     510       0       0       1       1                    FACE       9D    540
     128     444       1       1       0       0       0       001010000D    541
     128       0       0       5       0                  SPLSRF      10D    542
     508     449       1       1       0       0       0       001010000D    543
     508       0       0       5       1                EDGELOOP      13D    544
     510     454       1       1       0       0       0       000010000D    545
     510       0       0       1       1                    FACE      10D    546
     128     455       1       1       0       0       0       001010000D    547
     128       0       0       5       0                  SPLSRF      11D    548
     508     460       1       1       0       0       0       001010000D    549
     508       0       0       1       1                EDGELOOP      14D    550
     508     461       1       1       0       0       0       001010000D    551
     508       0       0       1       1                EDGELOOP      15D    552
     510     462       1       1       0       0       0       000010000D    553
     510       0       0       1       1                    FACE      11D    554
     128     463       1       1       0       0       0       001010000D    555
     128       0       0       6       0                  SPLSRF      12D    556
     508     469       1       1       0       0       0       001010000D    557
     508       0       0       1       1                EDGELOOP      16D    558
     510     470       1       1       0       0       0       000010000D    559
     510       0       0       1       1                    FACE      12D    560
     128     471       1       1       0       0       0       001010000D    561
     128       0       0       6       0                  SPLSRF      13D    562
     508     477       1       1       0       0       0       001010000D    563
     508       0       0       1       1                EDGELOOP      17D    564
     510     478       1       1       0       0       0       000010000D    565
     510       0       0       1       1                    FACE      13D    566
     128     479       1       1       0       0       0       001010000D    567
     128       0       0       6       0                  SPLSRF      14D    568
     508     485       1       1       0       0       0       001010000D    569
     508       0       0       1       1                EDGELOOP      18D    570
     510     486       1       1       0       0       0       000010000D    571
     510       0       0       1       1                    FACE      14D    572
     128     487       1       1       0       0       0       001010000D    573
     128       0       0       9       0                  SPLSRF      15D    574
     508     496       1       1       0       0       0       001010000D    575
     508       0       0       1       1                EDGELOOP      19D    576
     510     497       1       1       0       0       0       000010000D    577
     510       0       0       1       1                    FACE      15D    578
     128     498       1       1       0       0       0       001010000D    579
     128       0       0       8       0                  SPLSRF      16D    580
     508     506       1       1       0       0       0       001010000D    581
     508       0       0       1       1                EDGELOOP      20D    582
     510     507       1       1       0       0       0       000010000D    583
     510       0       0       1       1                    FACE      16D    584
     128     508       1       1       0       0       0       001010000D    585
     128       0       0       9       0                  SPLSRF      17D    586
     508     517       1       1       0       0       0       001010000D    587
     508       0       0       1       1                EDGELOOP      21D    588
     510     518       1       1       0       0       0       000010000D    589
     510       0       0       1       1                    FACE      17D    590
     128     519       1       1       0       0       0       001010000D    591
     128       0       0       6       0                  SPLSRF      18D    592
     508     525       1       1       0       0       0       001010000D    593
     508       0       0       1       1                EDGELOOP      22D    594
     510     526       1       1       0       0       0       000010000D    595
     510       0       0       1       1                    FACE      18D    596
     128     527       1       1       0       0       0       001010000D    597
     128       0       0       6       0                  SPLSRF      19D    598
     508     533       1       1       0       0       0       001010000D    599
     508       0       0       1       1                EDGELOOP      23D    600
     510     534       1       1       0       0       0       000010000D    601
     510       0       0       1       1                    FACE      19D    602
     128     535       1       1       0       0       0       001010000D    603
     128       0       0       5       0                  SPLSRF      20D    604
     508     540       1       1       0       0       0       001010000D    605
     508       0       0       2       1                EDGELOOP      24D    606
     508     542       1       1       0       0       0       001010000D    607
     508       0       0       1       1                EDGELOOP      25D    608
     508     543       1       1       0       0       0       001010000D    609
     508       0       0       1       1                EDGELOOP      26D    610
     508     544       1       1       0       0       0       001010000D    611
     508       0       0       1       1                EDGELOOP      27D    612
     508     545       1       1       0       0       0       001010000D    613
     508       0       0       1       1                EDGELOOP      28D    614
     508     546       1       1       0       0       0       001010000D    615
     508       0       0       1       1                EDGELOOP      29D    616
     510     547       1       1       0       0       0       000010000D    617
     510       0       0       1       1                    FACE      20D    618
     128     548       1       1       0       0       0       001010000D    619
     128       0       0       4       0                  SPLSRF      21D    620
     508     552       1       1       0       0       0       001010000D    621
     508       0       0       2       1                EDGELOOP      30D    622
     510     554       1       1       0       0       0       000010000D    623
     510       0       0       1       1                    FACE      21D    624
     128     555       1       1       0       0       0       001010000D    625
     128       0       0       9       0                  SPLSRF      22D    626
     508     564       1       1       0       0       0       001010000D    627
     508       0       0       1       1                EDGELOOP      31D    628
     510     565       1       1       0       0       0       000010000D    629
     510       0       0       1       1                    FACE      22D    630
     128     566       1       1       0       0       0       001010000D    631
     128       0       0       8       0                  SPLSRF      23D    632
     508     574       1       1       0       0       0       001010000D    633
     508       0       0       1       1                EDGELOOP      32D    634
     510     575       1       1       0       0       0       000010000D    635
     510       0       0       1       1                    FACE      23D    636
     128     576       1       1       0       0       0       001010000D    637
     128       0       0       9       0                  SPLSRF      24D    638
     508     585       1       1       0       0       0       001010000D    639
     508       0       0       1       1                EDGELOOP      33D    640
     510     586       1       1       0       0       0       000010000D    641
     510       0       0       1       1                    FACE      24D    642
     128     587       1       1       0       0       0       001010000D    643
     128       0       0       4       0                  SPLSRF      25D    644
     508     591       1       1       0       0       0       001010000D    645
     508       0       0       2       1                EDGELOOP      34D    646
     510     593       1       1       0       0       0       000010000D    647
     510       0       0       1       1                    FACE      25D    648
     110     594       1       1       0       0       0       001010000D    649
     110       0       0       1       0                    LINE     224D    650
     110     595       1       1       0       0       0       001010000D    651
     110       0       0       1       0                    LINE     225D    652
     120     596       1       1       0       0       0       001010000D    653
     120       0       0       1       0                    SREV       1D    654
     508     597       1       1       0       0       0       001010000D    655
     508       0       0       1       1                EDGELOOP      35D    656
     510     598       1       1       0       0       0       000010000D    657
     510       0       0       1       1                    FACE      26D    658
     128     599       1       1       0       0       0       001010000D    659
     128       0       0       5       0                  SPLSRF      26D    660
     508     604       1       1       0       0       0       001010000D    661
     508       0       0       1       1                EDGELOOP      36D    662
     510     605       1       1       0       0       0       000010000D    663
     510       0       0       1       1                    FACE      27D    664
     128     606       1       1       0       0       0       001010000D    665
     128       0       0       7       0                  SPLSRF      27D    666
     508     613       1       1       0       0       0       001010000D    667
     508       0       0       1       1                EDGELOOP      37D    668
     510     614       1       1       0       0       0       000010000D    669
     510       0       0       1       1                    FACE      28D    670
     128     615       1       1       0       0       0       001010000D    671
     128       0       0       6       0                  SPLSRF      28D    672
     508     621       1       1       0       0       0       001010000D    673
     508       0       0       1       1                EDGELOOP      38D    674
     510     622       1       1       0       0       0       000010000D    675
     510       0       0       1       1                    FACE      29D    676
     128     623       1       1       0       0       0       001010000D    677
     128       0       0       7       0                  SPLSRF      29D    678
     508     630       1       1       0       0       0       001010000D    679
     508       0       0       1       1                EDGELOOP      39D    680
     510     631       1       1       0       0       0       000010000D    681
     510       0       0       1       1                    FACE      30D    682
     128     632       1       1       0       0       0       001010000D    683
     128       0       0       6       0                  SPLSRF      30D    684
     508     638       1       1       0       0       0       001010000D    685
     508       0       0       2       1                EDGELOOP      40D    686
     510     640       1       1       0       0       0       000010000D    687
     510       0       0       1       1                    FACE      31D    688
     128     641       1       1       0       0       0       001010000D    689
     128       0       0       5       0                  SPLSRF      31D    690
     508     646       1       1       0       0       0       001010000D    691
     508       0       0       1       1                EDGELOOP      41D    692
     510     647       1       1       0       0       0       000010000D    693
     510       0       0       1       1                    FACE      32D    694
     128     648       1       1       0       0       0       001010000D    695
     128       0       0       6       0                  SPLSRF      32D    696
     508     654       1       1       0       0       0       001010000D    697
     508       0       0       1       1                EDGELOOP      42D    698
     510     655       1       1       0       0       0       000010000D    699
     510       0       0       1       1                    FACE      33D    700
     128     656       1       1       0       0       0       001010000D    701
     128       0       0       6       0                  SPLSRF      33D    702
     508     662       1       1       0       0       0       001010000D    703
     508       0       0       1       1                EDGELOOP      43D    704
     510     663       1       1       0       0       0       000010000D    705
     510       0       0       1       1                    FACE      34D    706
     128     664       1       1       0       0       0       001010000D    707
     128       0       0       9       0                  SPLSRF      34D    708
     508     673       1       1       0       0       0       001010000D    709
     508       0       0       1       1                EDGELOOP      44D    710
     510     674       1       1       0       0       0       000010000D    711
     510       0       0       1       1                    FACE      35D    712
     128     675       1       1       0       0       0       001010000D    713
     128       0       0       8       0                  SPLSRF      35D    714
     508     683       1       1       0       0       0       001010000D    715
     508       0       0       1       1                EDGELOOP      45D    716
     510     684       1       1       0       0       0       000010000D    717
     510       0       0       1       1                    FACE      36D    718
     128     685       1       1       0       0       0       001010000D    719
     128       0       0       9       0                  SPLSRF      36D    720
     508     694       1       1       0       0       0       001010000D    721
     508       0       0       1       1                EDGELOOP      46D    722
     510     695       1       1       0       0       0       000010000D    723
     510       0       0       1       1                    FACE      37D    724
     128     696       1       1       0       0       0       001010000D    725
     128       0       0       6       0                  SPLSRF      37D    726
     508     702       1       1       0       0       0       001010000D    727
     508       0       0       1       1                EDGELOOP      47D    728
     510     703       1       1       0       0       0       000010000D    729
     510       0       0       1       1                    FACE      38D    730
     128     704       1       1       0       0       0       001010000D    731
     128       0       0       6       0                  SPLSRF      38D    732
     508     710       1       1       0       0       0       001010000D    733
     508       0       0       1       1                EDGELOOP      48D    734
     510     711       1       1       0       0       0       000010000D    735
     510       0       0       1       1                    FACE      39D    736
     128     712       1       1       0       0       0       001010000D    737
     128       0       0       6       0                  SPLSRF      39D    738
     508     718       1       1       0       0       0       001010000D    739
     508       0       0       1       1                EDGELOOP      49D    740
     510     719       1       1       0       0       0       000010000D    741
     510       0       0       1       1                    FACE      40D    742
     128     720       1       1       0       0       0       001010000D    743
     128       0       0       6       0                  SPLSRF      40D    744
     508     726       1       1       0       0       0       001010000D    745
     508       0       0       1       1                EDGELOOP      50D    746
     510     727       1       1       0       0       0       000010000D    747
     510       0       0       1       1                    FACE      41D    748
     128     728       1       1       0       0       0       001010000D    749
     128       0       0       9       0                  SPLSRF      41D    750
     508     737       1       1       0       0       0       001010000D    751
     508       0       0       1       1                EDGELOOP      51D    752
     510     738       1       1       0       0       0       000010000D    753
     510       0       0       1       1                    FACE      42D    754
     128     739       1       1       0       0       0       001010000D    755
     128       0       0       9       0                  SPLSRF      42D    756
     508     748       1       1       0       0       0       001010000D    757
     508       0       0       1       1                EDGELOOP      52D    758
     510     749       1       1       0       0       0       000010000D    759
     510       0       0       1       1                    FACE      43D    760
     128     750       1       1       0       0       0       001010000D    761
     128       0       0       6       0                  SPLSRF      43D    762
     508     756       1       1       0       0       0       001010000D    763
     508       0       0       1       1                EDGELOOP      53D    764
     510     757       1       1       0       0       0       000010000D    765
     510       0       0       1       1                    FACE      44D    766
     128     758       1       1       0       0       0       001010000D    767
     128       0       0       6       0                  SPLSRF      44D    768
     508     764       1       1       0       0       0       001010000D    769
     508       0       0       1       1                EDGELOOP      54D    770
     510     765       1       1       0       0       0       000010000D    771
     510       0       0       1       1                    FACE      45D    772
     128     766       1       1       0       0       0       001010000D    773
     128       0       0       9       0                  SPLSRF      45D    774
     508     775       1       1       0       0       0       001010000D    775
     508       0       0       1       1                EDGELOOP      55D    776
     510     776       1       1       0       0       0       000010000D    777
     510       0       0       1       1                    FACE      46D    778
     128     777       1       1       0       0       0       001010000D    779
     128       0       0       8       0                  SPLSRF      46D    780
     508     785       1       1       0       0       0       001010000D    781
     508       0       0       1       1                EDGELOOP      56D    782
     510     786       1       1       0       0       0       000010000D    783
     510       0       0       1       1                    FACE      47D    784
     128     787       1       1       0       0       0       001010000D    785
     128       0       0       9       0                  SPLSRF      47D    786
     508     796       1       1       0       0       0       001010000D    787
     508       0       0       1       1                EDGELOOP      57D    788
     510     797       1       1       0       0       0       000010000D    789
     510       0       0       1       1                    FACE      48D    790
     128     798       1       1       0       0       0       001010000D    791
     128       0       0       9       0                  SPLSRF      48D    792
     508     807       1       1       0       0       0       001010000D    793
     508       0       0       1       1                EDGELOOP      58D    794
     510     808       1       1       0       0       0       000010000D    795
     510       0       0       1       1                    FACE      49D    796
     128     809       1       1       0       0       0       001010000D    797
     128       0       0       9       0                  SPLSRF      49D    798
     508     818       1       1       0       0       0       001010000D    799
     508       0       0       1       1                EDGELOOP      59D    800
     510     819       1       1       0       0       0       000010000D    801
     510       0       0       1       1                    FACE      50D    802
     128     820       1       1       0       0       0       001010000D    803
     128       0       0       6       0                  SPLSRF      50D    804
     508     826       1       1       0       0       0       001010000D    805
     508       0       0       1       1                EDGELOOP      60D    806
     510     827       1       1       0       0       0       000010000D    807
     510       0       0       1       1                    FACE      51D    808
     128     828       1       1       0       0       0       001010000D    809
     128       0       0       6       0                  SPLSRF      51D    810
     508     834       1       1       0       0       0       001010000D    811
     508       0       0       1       1                EDGELOOP      61D    812
     510     835       1       1       0       0       0       000010000D    813
     510       0       0       1       1                    FACE      52D    814
     128     836       1       1       0       0       0       001010000D    815
     128       0       0       9       0                  SPLSRF      52D    816
     508     845       1       1       0       0       0       001010000D    817
     508       0       0       1       1                EDGELOOP      62D    818
     510     846       1       1       0       0       0       000010000D    819
     510       0       0       1       1                    FACE      53D    820
     128     847       1       1       0       0       0       001010000D    821
     128       0       0       8       0                  SPLSRF      53D    822
     508     855       1       1       0       0       0       001010000D    823
     508       0       0       1       1                EDGELOOP      63D    824
     510     856       1       1       0       0       0       000010000D    825
     510       0       0       1       1                    FACE      54D    826
     128     857       1       1       0       0       0       001010000D    827
     128       0       0       9       0                  SPLSRF      54D    828
     508     866       1       1       0       0       0       001010000D    829
     508       0       0       1       1                EDGELOOP      64D    830
     510     867       1       1       0       0       0       000010000D    831
     510       0       0       1       1                    FACE      55D    832
     128     868       1       1       0       0       0       001010000D    833
     128       0       0       6       0                  SPLSRF      55D    834
     508     874       1       1       0       0       0       001010000D    835
     508       0       0       1       1                EDGELOOP      65D    836
     510     875       1       1       0       0       0       000010000D    837
     510       0       0       1       1                    FACE      56D    838
     128     876       1       1       0       0       0       001010000D    839
     128       0       0       6       0                  SPLSRF      56D    840
     508     882       1       1       0       0       0       001010000D    841
     508       0       0       1       1                EDGELOOP      66D    842
     510     883       1       1       0       0       0       000010000D    843
     510       0       0       1       1                    FACE      57D    844
     128     884       1       1       0       0       0       001010000D    845
     128       0       0       6       0                  SPLSRF      57D    846
     508     890       1       1       0       0       0       001010000D    847
     508       0       0       1       1                EDGELOOP      67D    848
     510     891       1       1       0       0       0       000010000D    849
     510       0       0       1       1                    FACE      58D    850
     128     892       1       1       0       0       0       001010000D    851
     128       0       0       6       0                  SPLSRF      58D    852
     508     898       1       1       0       0       0       001010000D    853
     508       0       0       1       1                EDGELOOP      68D    854
     510     899       1       1       0       0       0       000010000D    855
     510       0       0       1       1                    FACE      59D    856
     128     900       1       1       0       0       0       001010000D    857
     128       0       0       9       0                  SPLSRF      59D    858
     508     909       1       1       0       0       0       001010000D    859
     508       0       0       1       1                EDGELOOP      69D    860
     510     910       1       1       0       0       0       000010000D    861
     510       0       0       1       1                    FACE      60D    862
     128     911       1       1       0       0       0       001010000D    863
     128       0       0       9       0                  SPLSRF      60D    864
     508     920       1       1       0       0       0       001010000D    865
     508       0       0       1       1                EDGELOOP      70D    866
     510     921       1       1       0       0       0       000010000D    867
     510       0       0       1       1                    FACE      61D    868
     128     922       1       1       0       0       0       001010000D    869
     128       0       0       6       0                  SPLSRF      61D    870
     508     928       1       1       0       0       0       001010000D    871
     508       0       0       1       1                EDGELOOP      71D    872
     510     929       1       1       0       0       0       000010000D    873
     510       0       0       1       1                    FACE      62D    874
     128     930       1       1       0       0       0       001010000D    875
     128       0       0       6       0                  SPLSRF      62D    876
     508     936       1       1       0       0       0       001010000D    877
     508       0       0       1       1                EDGELOOP      72D    878
     510     937       1       1       0       0       0       000010000D    879
     510       0       0       1       1                    FACE      63D    880
     128     938       1       1       0       0       0       001010000D    881
     128       0       0       9       0                  SPLSRF      63D    882
     508     947       1       1       0       0       0       001010000D    883
     508       0       0       1       1                EDGELOOP      73D    884
     510     948       1       1       0       0       0       000010000D    885
     510       0       0       1       1                    FACE      64D    886
     128     949       1       1       0       0       0       001010000D    887
     128       0       0       8       0                  SPLSRF      64D    888
     508     957       1       1       0       0       0       001010000D    889
     508       0       0       1       1                EDGELOOP      74D    890
     510     958       1       1       0       0       0       000010000D    891
     510       0       0       1       1                    FACE      65D    892
     128     959       1       1       0       0       0       001010000D    893
     128       0       0       9       0                  SPLSRF      65D    894
     508     968       1       1       0       0       0       001010000D    895
     508       0       0       1       1                EDGELOOP      75D    896
     510     969       1       1       0       0       0       000010000D    897
     510       0       0       1       1                    FACE      66D    898
     128     970       1       1       0       0       0       001010000D    899
     128       0       0       9       0                  SPLSRF      66D    900
     508     979       1       1       0       0       0       001010000D    901
     508       0       0       1       1                EDGELOOP      76D    902
     510     980       1       1       0       0       0       000010000D    903
     510       0       0       1       1                    FACE      67D    904
     128     981       1       1       0       0       0       001010000D    905
     128       0       0       9       0                  SPLSRF      67D    906
     508     990       1       1       0       0       0       001010000D    907
     508       0       0       1       1                EDGELOOP      77D    908
     510     991       1       1       0       0       0       000010000D    909
     510       0       0       1       1                    FACE      68D    910
     128     992       1       1       0       0       0       001010000D    911
     128       0       0       5       0                  SPLSRF      68D    912
     508     997       1       1       0       0       0       001010000D    913
     508       0       0       1       1                EDGELOOP      78D    914
     508     998       1       1       0       0       0       001010000D    915
     508       0       0       1       1                EDGELOOP      79D    916
     510     999       1       1       0       0       0       000010000D    917
     510       0       0       1       1                    FACE      69D    918
     128    1000       1       1       0       0       0       001010000D    919
     128       0       0       6       0                  SPLSRF      69D    920
     508    1006       1       1       0       0       0       001010000D    921
     508       0       0       1       1                EDGELOOP      80D    922
     510    1007       1       1       0       0       0       000010000D    923
     510       0       0       1       1                    FACE      70D    924
     128    1008       1       1       0       0       0       001010000D    925
     128       0       0       6       0                  SPLSRF      70D    926
     508    1014       1       1       0       0       0       001010000D    927
     508       0       0       1       1                EDGELOOP      81D    928
     510    1015       1       1       0       0       0       000010000D    929
     510       0       0       1       1                    FACE      71D    930
     128    1016       1       1       0       0       0       001010000D    931
     128       0       0       6       0                  SPLSRF      71D    932
     508    1022       1       1       0       0       0       001010000D    933
     508       0       0       1       1                EDGELOOP      82D    934
     510    1023       1       1       0       0       0       000010000D    935
     510       0       0       1       1                    FACE      72D    936
     128    1024       1       1       0       0       0       001010000D    937
     128       0       0       6       0                  SPLSRF      72D    938
     508    1030       1       1       0       0       0       001010000D    939
     508       0       0       1       1                EDGELOOP      83D    940
     510    1031       1       1       0       0       0       000010000D    941
     510       0       0       1       1                    FACE      73D    942
     128    1032       1       1       0       0       0       001010000D    943
     128       0       0       9       0                  SPLSRF      73D    944
     508    1041       1       1       0       0       0       001010000D    945
     508       0       0       1       1                EDGELOOP      84D    946
     510    1042       1       1       0       0       0       000010000D    947
     510       0       0       1       1                    FACE      74D    948
     128    1043       1       1       0       0       0       001010000D    949
     128       0       0       9       0                  SPLSRF      74D    950
     508    1052       1       1       0       0       0       001010000D    951
     508       0       0       1       1                EDGELOOP      85D    952
     510    1053       1       1       0       0       0       000010000D    953
     510       0       0       1       1                    FACE      75D    954
     128    1054       1       1       0       0       0       001010000D    955
     128       0       0       6       0                  SPLSRF      75D    956
     508    1060       1       1       0       0       0       001010000D    957
     508       0       0       1       1                EDGELOOP      86D    958
     510    1061       1       1       0       0       0       000010000D    959
     510       0       0       1       1                    FACE      76D    960
     128    1062       1       1       0       0       0       001010000D    961
     128       0       0       6       0                  SPLSRF      76D    962
     508    1068       1       1       0       0       0       001010000D    963
     508       0       0       1       1                EDGELOOP      87D    964
     510    1069       1       1       0       0       0       000010000D    965
     510       0       0       1       1                    FACE      77D    966
     128    1070       1       1       0       0       0       001010000D    967
     128       0       0       9       0                  SPLSRF      77D    968
     508    1079       1       1       0       0       0       001010000D    969
     508       0       0       1       1                EDGELOOP      88D    970
     510    1080       1       1       0       0       0       000010000D    971
     510       0       0       1       1                    FACE      78D    972
     128    1081       1       1       0       0       0       001010000D    973
     128       0       0       8       0                  SPLSRF      78D    974
     508    1089       1       1       0       0       0       001010000D    975
     508       0       0       1       1                EDGELOOP      89D    976
     510    1090       1       1       0       0       0       000010000D    977
     510       0       0       1       1                    FACE      79D    978
     128    1091       1       1       0       0       0       001010000D    979
     128       0       0       9       0                  SPLSRF      79D    980
     508    1100       1       1       0       0       0       001010000D    981
     508       0       0       1       1                EDGELOOP      90D    982
     510    1101       1       1       0       0       0       000010000D    983
     510       0       0       1       1                    FACE      80D    984
     128    1102       1       1       0       0       0       001010000D    985
     128       0       0       9       0                  SPLSRF      80D    986
     508    1111       1       1       0       0       0       001010000D    987
     508       0       0       1       1                EDGELOOP      91D    988
     510    1112       1       1       0       0       0       000010000D    989
     510       0       0       1       1                    FACE      81D    990
     128    1113       1       1       0       0       0       001010000D    991
     128       0       0       9       0                  SPLSRF      81D    992
     508    1122       1       1       0       0       0       001010000D    993
     508       0       0       1       1                EDGELOOP      92D    994
     510    1123       1       1       0       0       0       000010000D    995
     510       0       0       1       1                    FACE      82D    996
     128    1124       1       1       0       0       0       001010000D    997
     128       0       0       4       0                  SPLSRF      82D    998
     508    1128       1       1       0       0       0       001010000D    999
     508       0       0       1       1                EDGELOOP      93D   1000
     510    1129       1       1       0       0       0       000010000D   1001
     510       0       0       1       1                    FACE      83D   1002
     128    1130       1       1       0       0       0       001010000D   1003
     128       0       0       6       0                  SPLSRF      83D   1004
     508    1136       1       1       0       0       0       001010000D   1005
     508       0       0       1       1                EDGELOOP      94D   1006
     510    1137       1       1       0       0       0       000010000D   1007
     510       0       0       1       1                    FACE      84D   1008
     128    1138       1       1       0       0       0       001010000D   1009
     128       0       0       4       0                  SPLSRF      84D   1010
     508    1142       1       1       0       0       0       001010000D   1011
     508       0       0       1       1                EDGELOOP      95D   1012
     510    1143       1       1       0       0       0       000010000D   1013
     510       0       0       1       1                    FACE      85D   1014
     128    1144       1       1       0       0       0       001010000D   1015
     128       0       0       6       0                  SPLSRF      85D   1016
     508    1150       1       1       0       0       0       001010000D   1017
     508       0       0       1       1                EDGELOOP      96D   1018
     510    1151       1       1       0       0       0       000010000D   1019
     510       0       0       1       1                    FACE      86D   1020
     128    1152       1       1       0       0       0       001010000D   1021
     128       0       0       4       0                  SPLSRF      86D   1022
     508    1156       1       1       0       0       0       001010000D   1023
     508       0       0       1       1                EDGELOOP      97D   1024
     510    1157       1       1       0       0       0       000010000D   1025
     510       0       0       1       1                    FACE      87D   1026
     128    1158       1       1       0       0       0       001010000D   1027
     128       0       0       6       0                  SPLSRF      87D   1028
     508    1164       1       1       0       0       0       001010000D   1029
     508       0       0       1       1                EDGELOOP      98D   1030
     510    1165       1       1       0       0       0       000010000D   1031
     510       0       0       1       1                    FACE      88D   1032
     128    1166       1       1       0       0       0       001010000D   1033
     128       0       0       4       0                  SPLSRF      88D   1034
     508    1170       1       1       0       0       0       001010000D   1035
     508       0       0       1       1                EDGELOOP      99D   1036
     510    1171       1       1       0       0       0       000010000D   1037
     510       0       0       1       1                    FACE      89D   1038
     128    1172       1       1       0       0       0       001010000D   1039
     128       0       0       6       0                  SPLSRF      89D   1040
     508    1178       1       1       0       0       0       001010000D   1041
     508       0       0       1       1                EDGELOOP     100D   1042
     510    1179       1       1       0       0       0       000010000D   1043
     510       0       0       1       1                    FACE      90D   1044
     128    1180       1       1       0       0       0       001010000D   1045
     128       0       0       6       0                  SPLSRF      90D   1046
     508    1186       1       1       0       0       0       001010000D   1047
     508       0       0       1       1                EDGELOOP     101D   1048
     510    1187       1       1       0       0       0       000010000D   1049
     510       0       0       1       1                    FACE      91D   1050
     514    1188       1       1       0       0       0       000010000D   1051
     514       0       0       9       1                   SHELL       1D   1052
     186    1197       1       1       0       0       0       000000000D   1053
     186       0       0       1       0                    MSBR       1D   1054
     124    1198       1       1       0       0       0       001000000D   1055
     124       0       0       1       0                   XFORM       3D   1056
     100    1199       1       1       0       0    1055       000010001D   1057
     100       0      -1       1       0                     ARC       3D   1058
     124    1200       1       1       0       0       0       001000000D   1059
     124       0       0       1       0                   XFORM       4D   1060
     100    1201       1       1       0       0    1059       000010001D   1061
     100       0      -1       1       0                     ARC       4D   1062
     102    1202       1       1       0       0       0       000000001D   1063
     102       0       0       1       0                  CCURVE       1D   1064
     124    1203       1       1       0       0       0       001000000D   1065
     124       0       0       1       0                   XFORM       5D   1066
     100    1204       1       1       0       0    1065       000010001D   1067
     100       0      -1       1       0                     ARC       5D   1068
     124    1205       1       1       0       0       0       001000000D   1069
     124       0       0       1       0                   XFORM       6D   1070
     100    1206       1       1       0       0    1069       000010001D   1071
     100       0      -1       1       0                     ARC       6D   1072
     102    1207       1       1       0       0       0       000000001D   1073
     102       0       0       1       0                  CCURVE       2D   1074
     124    1208       1       1       0       0       0       001000000D   1075
     124       0       0       1       0                   XFORM       7D   1076
     100    1209       1       1       0       0    1075       000010001D   1077
     100       0      -1       1       0                     ARC       7D   1078
     124    1210       1       1       0       0       0       001000000D   1079
     124       0       0       1       0                   XFORM       8D   1080
     100    1211       1       1       0       0    1079       000010001D   1081
     100       0      -1       1       0                     ARC       8D   1082
     102    1212       1       1       0       0       0       000000001D   1083
     102       0       0       1       0                  CCURVE       3D   1084
     406    1213       1       1       0       0       0       001000000D   1085
     406       0       0       1      15                    PROP       1D   1086
     402    1214       1       1       0       0       0       000000300D   1087
     402       0       0       1       7                   LAYER       1D   1088
314,0D0,6D1,8D1;                                                       1P      1
314,1.1D0,1.2D0,1D2;                                                   3P      2
314,3.92D1,1.2D0,1.2D0;                                                5P      3
314,4.1D1,0D0,2.2D1;                                                   7P      4
314,6D1,4D1,2D1;                                                       9P      5
314,6.952D1,7.426D1,7.9D1;                                            11P      6
314,7.84314D1,7.84314D1,7.84314D1;                                    13P      7
314,8.784D1,9.49D1,1D2;                                               15P      8
314,9.6D1,9.6D1,9.6D1;                                                17P      9
314,9.8D1,6.27D1,0D0;                                                 19P     10
314,1D2,1D2,9.49D1;                                                   21P     11
110,-3.81D0,1.58D0,2.9D0,-3.81D0,-1.58D0,2.9D0;                       23P     12
110,-3.81D0,-1.58D0,2.9D0,-3.81D0,-1.58D0,-2.9D0;                     25P     13
110,-3.81D0,-1.58D0,-2.9D0,-3.81D0,1.58D0,-2.9D0;                     27P     14
110,-3.81D0,1.58D0,-2.9D0,-3.81D0,1.58D0,2.9D0;                       29P     15
110,1.7D0,-1.58D0,2.9D0,1.7D0,-9.4D-1,2.9D0;                          31P     16
110,8.4D-1,-1.58D0,2.9D0,8.4D-1,-9.4D-1,2.9D0;                        33P     17
110,8.4D-1,-9.4D-1,2.9D0,-8.4D-1,-9.4D-1,2.9D0;                       35P     18
110,-8.4D-1,-1.58D0,2.9D0,-8.4D-1,-9.4D-1,2.9D0;                      37P     19
110,-1.7D0,-1.58D0,2.9D0,-1.7D0,-9.4D-1,2.9D0;                        39P     20
110,-1.7D0,-9.4D-1,2.9D0,-3.38D0,-9.4D-1,2.9D0;                       41P     21
110,-3.38D0,-1.58D0,2.9D0,-3.38D0,-9.4D-1,2.9D0;                      43P     22
110,-3.81D0,1.58D0,2.9D0,3.81D0,1.58D0,2.9D0;                         45P     23
110,3.38D0,-1.58D0,2.9D0,3.38D0,-9.4D-1,2.9D0;                        47P     24
110,3.38D0,-9.4D-1,2.9D0,1.7D0,-9.4D-1,2.9D0;                         49P     25
110,1.7D0,-9.4D-1,2.9D0,1.7D0,-9.4D-1,-2.9D0;                         51P     26
110,-3.38D0,-1.58D0,2.9D0,-3.38D0,-1.58D0,-2.9D0;                     53P     27
110,-3.81D0,-1.58D0,2.9D0,-3.38D0,-1.58D0,2.9D0;                      55P     28
110,-8.4D-1,-1.58D0,2.9D0,-8.4D-1,-1.58D0,-2.9D0;                     57P     29
110,-1.7D0,-1.58D0,2.9D0,-1.7D0,-1.58D0,-2.9D0;                       59P     30
110,-1.7D0,-1.58D0,2.9D0,-8.4D-1,-1.58D0,2.9D0;                       61P     31
110,1.7D0,-1.58D0,2.9D0,1.7D0,-1.58D0,-2.9D0;                         63P     32
110,8.4D-1,-1.58D0,2.9D0,8.4D-1,-1.58D0,-2.9D0;                       65P     33
110,8.4D-1,-1.58D0,2.9D0,1.7D0,-1.58D0,2.9D0;                         67P     34
110,3.38D0,-1.58D0,2.9D0,3.38D0,-1.58D0,-2.9D0;                       69P     35
110,3.38D0,-1.58D0,2.9D0,3.81D0,-1.58D0,2.9D0;                        71P     36
110,-1.575D0,-1.58D0,-7.7D-1,-1.575D0,-1.58D0,7.3D-1;                 73P     37
110,-9.65D-1,-1.58D0,-7.7D-1,-1.575D0,-1.58D0,-7.7D-1;                75P     38
110,-9.65D-1,-1.58D0,7.3D-1,-9.65D-1,-1.58D0,-7.7D-1;                 77P     39
110,-1.575D0,-1.58D0,7.3D-1,-9.65D-1,-1.58D0,7.3D-1;                  79P     40
110,9.65D-1,-1.58D0,-7.7D-1,9.65D-1,-1.58D0,7.3D-1;                   81P     41
110,1.575D0,-1.58D0,-7.7D-1,9.65D-1,-1.58D0,-7.7D-1;                  83P     42
110,1.575D0,-1.58D0,7.3D-1,1.575D0,-1.58D0,-7.7D-1;                   85P     43
110,9.65D-1,-1.58D0,7.3D-1,1.575D0,-1.58D0,7.3D-1;                    87P     44
110,-3.38D0,-9.4D-1,2.9D0,-3.38D0,-9.4D-1,-2.9D0;                     89P     45
110,-1.7D0,-9.4D-1,2.9D0,-1.7D0,-9.4D-1,-2.9D0;                       91P     46
110,-2.86D0,-9.4D-1,3D-1,-2.86D0,-9.4D-1,-3.4D-1;                     93P     47
110,-2.86D0,-9.4D-1,-3.4D-1,-2.22D0,-9.4D-1,-3.4D-1;                  95P     48
110,-2.22D0,-9.4D-1,3D-1,-2.22D0,-9.4D-1,-3.4D-1;                     97P     49
110,-2.86D0,-9.4D-1,3D-1,-2.22D0,-9.4D-1,3D-1;                        99P     50
110,1.7D0,-1.58D0,-2.9D0,1.7D0,-9.4D-1,-2.9D0;                       101P     51
110,3.38D0,-9.4D-1,-2.9D0,1.7D0,-9.4D-1,-2.9D0;                      103P     52
110,3.38D0,-1.58D0,-2.9D0,3.38D0,-9.4D-1,-2.9D0;                     105P     53
110,3.38D0,-1.58D0,-2.9D0,3.81D0,-1.58D0,-2.9D0;                     107P     54
110,2.267022324300D0,1.012D1,-2.9D0,2.54D0,9.37D0,-2.9D0;            109P     55
110,-2.54D0,9.37D0,-2.9D0,-2.267022324300D0,1.012D1,-2.9D0;          111P     56
110,-3.81D0,-1.58D0,-2.9D0,-3.38D0,-1.58D0,-2.9D0;                   113P     57
110,-3.38D0,-1.58D0,-2.9D0,-3.38D0,-9.4D-1,-2.9D0;                   115P     58
110,-1.7D0,-9.4D-1,-2.9D0,-3.38D0,-9.4D-1,-2.9D0;                    117P     59
110,-1.7D0,-1.58D0,-2.9D0,-1.7D0,-9.4D-1,-2.9D0;                     119P     60
110,-1.7D0,-1.58D0,-2.9D0,-8.4D-1,-1.58D0,-2.9D0;                    121P     61
110,-8.4D-1,-1.58D0,-2.9D0,-8.4D-1,-9.4D-1,-2.9D0;                   123P     62
110,8.4D-1,-9.4D-1,-2.9D0,-8.4D-1,-9.4D-1,-2.9D0;                    125P     63
110,8.4D-1,-1.58D0,-2.9D0,8.4D-1,-9.4D-1,-2.9D0;                     127P     64
110,8.4D-1,-1.58D0,-2.9D0,1.7D0,-1.58D0,-2.9D0;                      129P     65
110,3.38D0,-9.4D-1,2.9D0,3.38D0,-9.4D-1,-2.9D0;                      131P     66
110,2.22D0,-9.4D-1,3D-1,2.22D0,-9.4D-1,-3.4D-1;                      133P     67
110,2.22D0,-9.4D-1,-3.4D-1,2.86D0,-9.4D-1,-3.4D-1;                   135P     68
110,2.86D0,-9.4D-1,3D-1,2.86D0,-9.4D-1,-3.4D-1;                      137P     69
110,2.22D0,-9.4D-1,3D-1,2.86D0,-9.4D-1,3D-1;                         139P     70
110,2.22D0,8.58D0,3D-1,2.22D0,8.58D0,-3.4D-1;                        141P     71
110,2.22D0,8.58D0,3D-1,2.22D0,1.58D0,3D-1;                           143P     72
110,2.22D0,1.58D0,-3.4D-1,2.22D0,8.58D0,-3.4D-1;                     145P     73
110,2.22D0,-4.64D0,-3.4D-1,2.22D0,-4.64D0,3D-1;                      147P     74
110,2.22D0,-4.64D0,-3.4D-1,2.22D0,-9.4D-1,-3.4D-1;                   149P     75
110,2.22D0,-9.4D-1,3D-1,2.22D0,-4.64D0,3D-1;                         151P     76
110,2.66D0,9.08D0,-1.4D-1,2.42D0,9.08D0,-1.4D-1;                     153P     77
110,2.66D0,9.08D0,-1.4D-1,2.66D0,9.08D0,9.999999999999D-2;           155P     78
110,2.66D0,9.08D0,9.999999999999D-2,2.42D0,9.08D0,                   157P     79
9.999999999999D-2;                                                   157P     80
110,2.42D0,9.08D0,9.999999999999D-2,2.42D0,9.08D0,-1.4D-1;           159P     81
110,2.22D0,8.58D0,-3.4D-1,2.42D0,9.08D0,-1.4D-1;                     161P     82
110,2.66D0,9.08D0,-1.4D-1,2.86D0,8.58D0,-3.4D-1;                     163P     83
110,2.86D0,8.58D0,-3.4D-1,2.22D0,8.58D0,-3.4D-1;                     165P     84
110,2.86D0,-4.64D0,-3.4D-1,2.22D0,-4.64D0,-3.4D-1;                   167P     85
110,-2.54D0,1.58D0,-2.9D0,-2.54D0,1.58D0,-1.3D0;                     169P     86
110,-2.54D0,1.58D0,-1.3D0,2.54D0,1.58D0,-1.3D0;                      171P     87
110,2.54D0,1.58D0,-2.9D0,2.54D0,1.58D0,-1.3D0;                       173P     88
110,2.54D0,1.58D0,-2.9D0,3.81D0,1.58D0,-2.9D0;                       175P     89
110,-3.81D0,1.58D0,-2.9D0,-2.54D0,1.58D0,-2.9D0;                     177P     90
110,-2.86D0,1.58D0,3D-1,-2.86D0,1.58D0,-3.4D-1;                      179P     91
110,-2.86D0,1.58D0,3D-1,-2.22D0,1.58D0,3D-1;                         181P     92
110,-2.22D0,1.58D0,3D-1,-2.22D0,1.58D0,-3.4D-1;                      183P     93
110,-2.86D0,1.58D0,-3.4D-1,-2.22D0,1.58D0,-3.4D-1;                   185P     94
110,-3.2D-1,1.58D0,3D-1,-3.2D-1,1.58D0,-3.4D-1;                      187P     95
110,-3.2D-1,1.58D0,3D-1,3.2D-1,1.58D0,3D-1;                          189P     96
110,3.2D-1,1.58D0,3D-1,3.2D-1,1.58D0,-3.4D-1;                        191P     97
110,-3.2D-1,1.58D0,-3.4D-1,3.2D-1,1.58D0,-3.4D-1;                    193P     98
110,2.22D0,1.58D0,3D-1,2.22D0,1.58D0,-3.4D-1;                        195P     99
110,2.22D0,1.58D0,3D-1,2.86D0,1.58D0,3D-1;                           197P    100
110,2.86D0,1.58D0,3D-1,2.86D0,1.58D0,-3.4D-1;                        199P    101
110,2.22D0,1.58D0,-3.4D-1,2.86D0,1.58D0,-3.4D-1;                     201P    102
110,-1.575D0,1.58D0,-7.7D-1,-1.575D0,1.58D0,7.3D-1;                  203P    103
110,-1.575D0,1.58D0,7.3D-1,-9.65D-1,1.58D0,7.3D-1;                   205P    104
110,-9.65D-1,1.58D0,7.3D-1,-9.65D-1,1.58D0,-7.7D-1;                  207P    105
110,-9.65D-1,1.58D0,-7.7D-1,-1.575D0,1.58D0,-7.7D-1;                 209P    106
110,9.65D-1,1.58D0,-7.7D-1,9.65D-1,1.58D0,7.3D-1;                    211P    107
110,9.65D-1,1.58D0,7.3D-1,1.575D0,1.58D0,7.3D-1;                     213P    108
110,1.575D0,1.58D0,7.3D-1,1.575D0,1.58D0,-7.7D-1;                    215P    109
110,1.575D0,1.58D0,-7.7D-1,9.65D-1,1.58D0,-7.7D-1;                   217P    110
110,-2.54D0,9.37D0,-2.9D0,-2.54D0,9.37D0,-1.9D0;                     219P    111
110,-2.54D0,9.37D0,-1.9D0,-2.54D0,6.317986928012D0,-1.9D0;           221P    112
110,-2.54D0,6.317986928012D0,-1.9D0,-2.54D0,5.4D0,-1.37D0;           223P    113
110,-2.54D0,5.4D0,-1.37D0,-2.54D0,4.4D0,-1.37D0;                     225P    114
110,-2.54D0,4.4D0,-1.37D0,-2.54D0,3.87D0,-1.9D0;                     227P    115
110,-2.54D0,3.87D0,-1.9D0,-2.54D0,2.18D0,-1.9D0;                     229P    116
124,0D0,0D0,-1D0,-2.54D0,0D0,-1D0,0D0,2.18D0,-1D0,0D0,0D0,           231P    117
-1.3D0;                                                              231P    118
100,0D0,0D0,0D0,6D-1,0D0,0D0,6D-1;                                   233P    119
110,-2.54D0,1.58D0,-2.9D0,-2.54D0,9.37D0,-2.9D0;                     235P    120
110,-2.267022324300D0,1.012D1,-2.9D0,-2.267022324300D0,1.012D1,      237P    121
-1.9D0;                                                              237P    122
110,-2.267022324300D0,1.012D1,-2.9D0,2.267022324300D0,1.012D1,       239P    123
-2.9D0;                                                              239P    124
110,2.267022324300D0,1.012D1,-2.9D0,2.267022324300D0,1.012D1,        241P    125
-1.9D0;                                                              241P    126
110,2.54D0,9.37D0,-2.9D0,2.54D0,9.37D0,-1.9D0;                       243P    127
110,2.54D0,1.58D0,-2.9D0,2.54D0,9.37D0,-2.9D0;                       245P    128
124,0D0,0D0,-1D0,2.54D0,0D0,-1D0,0D0,2.18D0,-1D0,0D0,0D0,-1.3D0;     247P    129
100,0D0,0D0,0D0,6D-1,0D0,0D0,6D-1;                                   249P    130
110,2.54D0,3.87D0,-1.9D0,2.54D0,2.18D0,-1.9D0;                       251P    131
110,2.54D0,4.4D0,-1.37D0,2.54D0,3.87D0,-1.9D0;                       253P    132
110,2.54D0,5.4D0,-1.37D0,2.54D0,4.4D0,-1.37D0;                       255P    133
110,2.54D0,6.317986928012D0,-1.9D0,2.54D0,5.4D0,-1.37D0;             257P    134
110,2.54D0,9.37D0,-1.9D0,2.54D0,6.317986928012D0,-1.9D0;             259P    135
110,-2.54D0,2.18D0,-1.9D0,2.54D0,2.18D0,-1.9D0;                      261P    136
110,-2.54D0,3.87D0,-1.9D0,2.54D0,3.87D0,-1.9D0;                      263P    137
110,-2.54D0,4.4D0,-1.37D0,2.54D0,4.4D0,-1.37D0;                      265P    138
110,-2.54D0,5.4D0,-1.37D0,2.54D0,5.4D0,-1.37D0;                      267P    139
110,-2.54D0,6.317986928012D0,-1.9D0,2.54D0,6.317986928012D0,         269P    140
-1.9D0;                                                              269P    141
110,-2.54D0,9.37D0,-1.9D0,-2.267022324300D0,1.012D1,-1.9D0;          271P    142
110,-2.267022324300D0,1.012D1,-1.9D0,2.267022324300D0,1.012D1,       273P    143
-1.9D0;                                                              273P    144
110,2.267022324300D0,1.012D1,-1.9D0,2.54D0,9.37D0,-1.9D0;            275P    145
110,3.81D0,1.58D0,2.9D0,3.81D0,-1.58D0,2.9D0;                        277P    146
110,3.81D0,1.58D0,-2.9D0,3.81D0,1.58D0,2.9D0;                        279P    147
110,3.81D0,-1.58D0,-2.9D0,3.81D0,1.58D0,-2.9D0;                      281P    148
110,3.81D0,-1.58D0,2.9D0,3.81D0,-1.58D0,-2.9D0;                      283P    149
110,-2.86D0,8.58D0,3D-1,-2.86D0,8.58D0,-3.4D-1;                      285P    150
110,-2.86D0,8.58D0,3D-1,-2.86D0,1.58D0,3D-1;                         287P    151
110,-2.86D0,1.58D0,-3.4D-1,-2.86D0,8.58D0,-3.4D-1;                   289P    152
110,-2.86D0,-4.64D0,-3.4D-1,-2.86D0,-4.64D0,3D-1;                    291P    153
110,-2.86D0,-4.64D0,-3.4D-1,-2.86D0,-9.4D-1,-3.4D-1;                 293P    154
110,-2.86D0,-9.4D-1,3D-1,-2.86D0,-4.64D0,3D-1;                       295P    155
110,-2.42D0,9.08D0,-1.4D-1,-2.66D0,9.08D0,-1.4D-1;                   297P    156
110,-2.42D0,9.08D0,-1.4D-1,-2.42D0,9.08D0,9.999999999999D-2;         299P    157
110,-2.42D0,9.08D0,9.999999999999D-2,-2.66D0,9.08D0,                 301P    158
9.999999999999D-2;                                                   301P    159
110,-2.66D0,9.08D0,9.999999999999D-2,-2.66D0,9.08D0,-1.4D-1;         303P    160
110,-2.86D0,8.58D0,-3.4D-1,-2.66D0,9.08D0,-1.4D-1;                   305P    161
110,-2.42D0,9.08D0,-1.4D-1,-2.22D0,8.58D0,-3.4D-1;                   307P    162
110,-2.22D0,8.58D0,-3.4D-1,-2.86D0,8.58D0,-3.4D-1;                   309P    163
110,-2.22D0,-4.64D0,-3.4D-1,-2.86D0,-4.64D0,-3.4D-1;                 311P    164
110,-2.22D0,8.58D0,-3.4D-1,-2.22D0,8.58D0,3D-1;                      313P    165
110,-2.22D0,1.58D0,-3.4D-1,-2.22D0,8.58D0,-3.4D-1;                   315P    166
110,-2.22D0,8.58D0,3D-1,-2.22D0,1.58D0,3D-1;                         317P    167
110,-2.22D0,-4.64D0,3D-1,-2.22D0,-4.64D0,-3.4D-1;                    319P    168
110,-2.22D0,-9.4D-1,3D-1,-2.22D0,-4.64D0,3D-1;                       321P    169
110,-2.22D0,-4.64D0,-3.4D-1,-2.22D0,-9.4D-1,-3.4D-1;                 323P    170
110,-2.66D0,9.08D0,9.999999999999D-2,-2.86D0,8.58D0,3D-1;            325P    171
110,-2.22D0,8.58D0,3D-1,-2.42D0,9.08D0,9.999999999999D-2;            327P    172
110,-2.22D0,8.58D0,3D-1,-2.86D0,8.58D0,3D-1;                         329P    173
110,-2.22D0,-4.64D0,3D-1,-2.86D0,-4.64D0,3D-1;                       331P    174
110,-2.86D0,-4.64D0,3D-1,-2.66D0,-5.14D0,9.999999999999D-2;          333P    175
110,-2.42D0,-5.14D0,9.999999999999D-2,-2.22D0,-4.64D0,3D-1;          335P    176
110,-2.42D0,-5.14D0,9.999999999999D-2,-2.66D0,-5.14D0,               337P    177
9.999999999999D-2;                                                   337P    178
110,-2.42D0,-5.14D0,9.999999999999D-2,-2.42D0,-5.14D0,-1.4D-1;       339P    179
110,-2.42D0,-5.14D0,-1.4D-1,-2.66D0,-5.14D0,-1.4D-1;                 341P    180
110,-2.66D0,-5.14D0,-1.4D-1,-2.66D0,-5.14D0,9.999999999999D-2;       343P    181
110,-2.66D0,-5.14D0,-1.4D-1,-2.86D0,-4.64D0,-3.4D-1;                 345P    182
110,-2.22D0,-4.64D0,-3.4D-1,-2.42D0,-5.14D0,-1.4D-1;                 347P    183
110,-3.2D-1,8.58D0,3D-1,-3.2D-1,8.58D0,-3.4D-1;                      349P    184
110,-3.2D-1,8.58D0,3D-1,-3.2D-1,1.58D0,3D-1;                         351P    185
110,-3.2D-1,1.58D0,-3.4D-1,-3.2D-1,8.58D0,-3.4D-1;                   353P    186
110,-3.2D-1,-4.64D0,-3.4D-1,-3.2D-1,-4.64D0,3D-1;                    355P    187
110,-3.2D-1,-4.64D0,-3.4D-1,-3.2D-1,-9.4D-1,-3.4D-1;                 357P    188
110,-3.2D-1,-9.4D-1,3D-1,-3.2D-1,-4.64D0,3D-1;                       359P    189
110,1.2D-1,9.08D0,-1.4D-1,-1.2D-1,9.08D0,-1.4D-1;                    361P    190
110,1.2D-1,9.08D0,-1.4D-1,1.2D-1,9.08D0,9.999999999999D-2;           363P    191
110,1.2D-1,9.08D0,9.999999999999D-2,-1.2D-1,9.08D0,                  365P    192
9.999999999999D-2;                                                   365P    193
110,-1.2D-1,9.08D0,9.999999999999D-2,-1.2D-1,9.08D0,-1.4D-1;         367P    194
110,-3.2D-1,8.58D0,-3.4D-1,-1.2D-1,9.08D0,-1.4D-1;                   369P    195
110,1.2D-1,9.08D0,-1.4D-1,3.2D-1,8.58D0,-3.4D-1;                     371P    196
110,3.2D-1,8.58D0,-3.4D-1,-3.2D-1,8.58D0,-3.4D-1;                    373P    197
110,3.2D-1,-4.64D0,-3.4D-1,-3.2D-1,-4.64D0,-3.4D-1;                  375P    198
110,3.2D-1,8.58D0,-3.4D-1,3.2D-1,8.58D0,3D-1;                        377P    199
110,3.2D-1,1.58D0,-3.4D-1,3.2D-1,8.58D0,-3.4D-1;                     379P    200
110,3.2D-1,8.58D0,3D-1,3.2D-1,1.58D0,3D-1;                           381P    201
110,3.2D-1,-4.64D0,3D-1,3.2D-1,-4.64D0,-3.4D-1;                      383P    202
110,3.2D-1,-9.4D-1,3D-1,3.2D-1,-4.64D0,3D-1;                         385P    203
110,3.2D-1,-4.64D0,-3.4D-1,3.2D-1,-9.4D-1,-3.4D-1;                   387P    204
110,-1.2D-1,9.08D0,9.999999999999D-2,-3.2D-1,8.58D0,3D-1;            389P    205
110,3.2D-1,8.58D0,3D-1,1.2D-1,9.08D0,9.999999999999D-2;              391P    206
110,3.2D-1,8.58D0,3D-1,-3.2D-1,8.58D0,3D-1;                          393P    207
110,3.2D-1,-4.64D0,3D-1,-3.2D-1,-4.64D0,3D-1;                        395P    208
110,-3.2D-1,-4.64D0,3D-1,-1.2D-1,-5.14D0,9.999999999999D-2;          397P    209
110,1.2D-1,-5.14D0,9.999999999999D-2,3.2D-1,-4.64D0,3D-1;            399P    210
110,1.2D-1,-5.14D0,9.999999999999D-2,-1.2D-1,-5.14D0,                401P    211
9.999999999999D-2;                                                   401P    212
110,1.2D-1,-5.14D0,9.999999999999D-2,1.2D-1,-5.14D0,-1.4D-1;         403P    213
110,1.2D-1,-5.14D0,-1.4D-1,-1.2D-1,-5.14D0,-1.4D-1;                  405P    214
110,-1.2D-1,-5.14D0,-1.4D-1,-1.2D-1,-5.14D0,9.999999999999D-2;       407P    215
110,-1.2D-1,-5.14D0,-1.4D-1,-3.2D-1,-4.64D0,-3.4D-1;                 409P    216
110,3.2D-1,-4.64D0,-3.4D-1,1.2D-1,-5.14D0,-1.4D-1;                   411P    217
110,8.4D-1,-9.4D-1,2.9D0,8.4D-1,-9.4D-1,-2.9D0;                      413P    218
110,-3.2D-1,-9.4D-1,3D-1,-3.2D-1,-9.4D-1,-3.4D-1;                    415P    219
110,-3.2D-1,-9.4D-1,-3.4D-1,3.2D-1,-9.4D-1,-3.4D-1;                  417P    220
110,3.2D-1,-9.4D-1,3D-1,3.2D-1,-9.4D-1,-3.4D-1;                      419P    221
110,-3.2D-1,-9.4D-1,3D-1,3.2D-1,-9.4D-1,3D-1;                        421P    222
110,-8.4D-1,-9.4D-1,2.9D0,-8.4D-1,-9.4D-1,-2.9D0;                    423P    223
110,2.86D0,8.58D0,3D-1,2.22D0,8.58D0,3D-1;                           425P    224
110,2.86D0,-4.64D0,3D-1,2.22D0,-4.64D0,3D-1;                         427P    225
110,2.42D0,9.08D0,9.999999999999D-2,2.22D0,8.58D0,3D-1;              429P    226
110,2.86D0,8.58D0,3D-1,2.66D0,9.08D0,9.999999999999D-2;              431P    227
110,2.86D0,8.58D0,-3.4D-1,2.86D0,8.58D0,3D-1;                        433P    228
110,2.86D0,1.58D0,-3.4D-1,2.86D0,8.58D0,-3.4D-1;                     435P    229
110,2.86D0,8.58D0,3D-1,2.86D0,1.58D0,3D-1;                           437P    230
110,2.86D0,-4.64D0,3D-1,2.86D0,-4.64D0,-3.4D-1;                      439P    231
110,2.86D0,-9.4D-1,3D-1,2.86D0,-4.64D0,3D-1;                         441P    232
110,2.86D0,-4.64D0,-3.4D-1,2.86D0,-9.4D-1,-3.4D-1;                   443P    233
110,2.66D0,-5.14D0,9.999999999999D-2,2.42D0,-5.14D0,                 445P    234
9.999999999999D-2;                                                   445P    235
110,2.66D0,-5.14D0,9.999999999999D-2,2.66D0,-5.14D0,-1.4D-1;         447P    236
110,2.66D0,-5.14D0,-1.4D-1,2.42D0,-5.14D0,-1.4D-1;                   449P    237
110,2.42D0,-5.14D0,-1.4D-1,2.42D0,-5.14D0,9.999999999999D-2;         451P    238
110,2.22D0,-4.64D0,3D-1,2.42D0,-5.14D0,9.999999999999D-2;            453P    239
110,2.66D0,-5.14D0,9.999999999999D-2,2.86D0,-4.64D0,3D-1;            455P    240
110,2.42D0,-5.14D0,-1.4D-1,2.22D0,-4.64D0,-3.4D-1;                   457P    241
110,2.86D0,-4.64D0,-3.4D-1,2.66D0,-5.14D0,-1.4D-1;                   459P    242
110,-1.575D0,1.58D0,-7.7D-1,-1.575D0,-1.58D0,-7.7D-1;                461P    243
110,-1.575D0,1.58D0,7.3D-1,-1.575D0,-1.58D0,7.3D-1;                  463P    244
110,-9.65D-1,1.58D0,7.3D-1,-9.65D-1,-1.58D0,7.3D-1;                  465P    245
110,-9.65D-1,1.58D0,-7.7D-1,-9.65D-1,-1.58D0,-7.7D-1;                467P    246
110,9.65D-1,1.58D0,-7.7D-1,9.65D-1,-1.58D0,-7.7D-1;                  469P    247
110,9.65D-1,1.58D0,7.3D-1,9.65D-1,-1.58D0,7.3D-1;                    471P    248
110,1.575D0,1.58D0,7.3D-1,1.575D0,-1.58D0,7.3D-1;                    473P    249
110,1.575D0,1.58D0,-7.7D-1,1.575D0,-1.58D0,-7.7D-1;                  475P    250
502,142,-3.81D0,1.58D0,2.9D0,-3.81D0,-1.58D0,2.9D0,-3.81D0,          477P    251
-1.58D0,-2.9D0,-3.81D0,1.58D0,-2.9D0,3.81D0,1.58D0,2.9D0,3.81D0,     477P    252
-1.58D0,2.9D0,3.81D0,-1.58D0,-2.9D0,3.81D0,1.58D0,-2.9D0,            477P    253
-2.54D0,6.317986928012D0,-1.9D0,-2.54D0,5.4D0,-1.37D0,-2.54D0,       477P    254
4.4D0,-1.37D0,-2.54D0,3.87D0,-1.9D0,-2.54D0,2.18D0,-1.9D0,           477P    255
2.54D0,6.317986928012D0,-1.9D0,2.54D0,5.4D0,-1.37D0,2.54D0,          477P    256
4.4D0,-1.37D0,2.54D0,3.87D0,-1.9D0,2.54D0,2.18D0,-1.9D0,-2.54D0,     477P    257
1.58D0,-2.9D0,-2.54D0,1.58D0,-1.3D0,2.54D0,1.58D0,-2.9D0,2.54D0,     477P    258
1.58D0,-1.3D0,-2.86D0,1.58D0,3D-1,-2.86D0,1.58D0,-3.4D-1,            477P    259
-2.22D0,1.58D0,3D-1,-2.22D0,1.58D0,-3.4D-1,-3.38D0,-1.58D0,          477P    260
2.9D0,-3.38D0,-1.58D0,-2.9D0,-1.7D0,-1.58D0,2.9D0,-1.7D0,            477P    261
-1.58D0,-2.9D0,-3.38D0,-9.4D-1,-2.9D0,-1.7D0,-9.4D-1,-2.9D0,         477P    262
-3.38D0,-9.4D-1,2.9D0,-1.7D0,-9.4D-1,2.9D0,-8.4D-1,-1.58D0,          477P    263
2.9D0,-8.4D-1,-1.58D0,-2.9D0,8.4D-1,-1.58D0,2.9D0,8.4D-1,            477P    264
-1.58D0,-2.9D0,-8.4D-1,-9.4D-1,-2.9D0,8.4D-1,-9.4D-1,-2.9D0,         477P    265
-8.4D-1,-9.4D-1,2.9D0,8.4D-1,-9.4D-1,2.9D0,1.7D0,-1.58D0,2.9D0,      477P    266
1.7D0,-1.58D0,-2.9D0,3.38D0,-1.58D0,2.9D0,3.38D0,-1.58D0,-2.9D0,     477P    267
1.7D0,-9.4D-1,-2.9D0,3.38D0,-9.4D-1,-2.9D0,1.7D0,-9.4D-1,2.9D0,      477P    268
3.38D0,-9.4D-1,2.9D0,-2.86D0,-9.4D-1,3D-1,-2.86D0,-9.4D-1,           477P    269
-3.4D-1,-2.22D0,-9.4D-1,3D-1,-2.22D0,-9.4D-1,-3.4D-1,-3.2D-1,        477P    270
1.58D0,3D-1,-3.2D-1,1.58D0,-3.4D-1,3.2D-1,1.58D0,3D-1,3.2D-1,        477P    271
1.58D0,-3.4D-1,2.22D0,1.58D0,3D-1,2.22D0,1.58D0,-3.4D-1,2.86D0,      477P    272
1.58D0,3D-1,2.86D0,1.58D0,-3.4D-1,-2.54D0,9.37D0,-2.9D0,             477P    273
-2.267022324300D0,1.012D1,-2.9D0,2.267022324300D0,1.012D1,           477P    274
-2.9D0,2.54D0,9.37D0,-2.9D0,-2.54D0,9.37D0,-1.9D0,2.54D0,9.37D0,     477P    275
-1.9D0,-2.267022324300D0,1.012D1,-1.9D0,2.267022324300D0,            477P    276
1.012D1,-1.9D0,-3.2D-1,-9.4D-1,3D-1,-3.2D-1,-9.4D-1,-3.4D-1,         477P    277
3.2D-1,-9.4D-1,3D-1,3.2D-1,-9.4D-1,-3.4D-1,2.22D0,-9.4D-1,3D-1,      477P    278
2.22D0,-9.4D-1,-3.4D-1,2.86D0,-9.4D-1,3D-1,2.86D0,-9.4D-1,           477P    279
-3.4D-1,-2.42D0,9.08D0,-1.4D-1,-2.66D0,9.08D0,-1.4D-1,-2.22D0,       477P    280
8.58D0,-3.4D-1,-2.86D0,8.58D0,-3.4D-1,-2.42D0,9.08D0,                477P    281
9.999999999999D-2,-2.22D0,8.58D0,3D-1,-2.86D0,8.58D0,3D-1,           477P    282
-2.66D0,9.08D0,9.999999999999D-2,-2.42D0,-5.14D0,                    477P    283
9.999999999999D-2,-2.66D0,-5.14D0,9.999999999999D-2,-2.22D0,         477P    284
-4.64D0,3D-1,-2.86D0,-4.64D0,3D-1,-2.42D0,-5.14D0,-1.4D-1,           477P    285
-2.22D0,-4.64D0,-3.4D-1,-2.86D0,-4.64D0,-3.4D-1,-2.66D0,-5.14D0,     477P    286
-1.4D-1,1.2D-1,9.08D0,-1.4D-1,-1.2D-1,9.08D0,-1.4D-1,3.2D-1,         477P    287
8.58D0,-3.4D-1,-3.2D-1,8.58D0,-3.4D-1,1.2D-1,9.08D0,                 477P    288
9.999999999999D-2,3.2D-1,8.58D0,3D-1,-3.2D-1,8.58D0,3D-1,            477P    289
-1.2D-1,9.08D0,9.999999999999D-2,1.2D-1,-5.14D0,                     477P    290
9.999999999999D-2,-1.2D-1,-5.14D0,9.999999999999D-2,3.2D-1,          477P    291
-4.64D0,3D-1,-3.2D-1,-4.64D0,3D-1,1.2D-1,-5.14D0,-1.4D-1,3.2D-1,     477P    292
-4.64D0,-3.4D-1,-3.2D-1,-4.64D0,-3.4D-1,-1.2D-1,-5.14D0,-1.4D-1,     477P    293
2.66D0,9.08D0,-1.4D-1,2.42D0,9.08D0,-1.4D-1,2.86D0,8.58D0,           477P    294
-3.4D-1,2.22D0,8.58D0,-3.4D-1,2.66D0,9.08D0,9.999999999999D-2,       477P    295
2.86D0,8.58D0,3D-1,2.22D0,8.58D0,3D-1,2.42D0,9.08D0,                 477P    296
9.999999999999D-2,2.66D0,-5.14D0,9.999999999999D-2,2.42D0,           477P    297
-5.14D0,9.999999999999D-2,2.86D0,-4.64D0,3D-1,2.22D0,-4.64D0,        477P    298
3D-1,2.66D0,-5.14D0,-1.4D-1,2.86D0,-4.64D0,-3.4D-1,2.22D0,           477P    299
-4.64D0,-3.4D-1,2.42D0,-5.14D0,-1.4D-1,-1.575D0,-1.58D0,-7.7D-1,     477P    300
-1.575D0,-1.58D0,7.3D-1,-9.65D-1,-1.58D0,7.3D-1,-9.65D-1,            477P    301
-1.58D0,-7.7D-1,-1.575D0,1.58D0,-7.7D-1,-1.575D0,1.58D0,7.3D-1,      477P    302
-9.65D-1,1.58D0,7.3D-1,-9.65D-1,1.58D0,-7.7D-1,9.65D-1,-1.58D0,      477P    303
-7.7D-1,9.65D-1,-1.58D0,7.3D-1,1.575D0,-1.58D0,7.3D-1,1.575D0,       477P    304
-1.58D0,-7.7D-1,9.65D-1,1.58D0,-7.7D-1,9.65D-1,1.58D0,7.3D-1,        477P    305
1.575D0,1.58D0,7.3D-1,1.575D0,1.58D0,-7.7D-1;                        477P    306
504,225,23,477,1,477,2,25,477,2,477,3,27,477,3,477,4,29,477,4,       479P    307
477,1,277,477,5,477,6,283,477,6,477,7,281,477,7,477,8,279,477,8,     479P    308
477,5,45,477,1,477,5,223,477,9,477,10,225,477,10,477,11,227,477,     479P    309
11,477,12,229,477,12,477,13,257,477,14,477,15,255,477,15,477,16,     479P    310
253,477,16,477,17,251,477,17,477,18,267,477,10,477,15,265,477,       479P    311
11,477,16,263,477,12,477,17,169,477,19,477,20,173,477,21,477,22,     479P    312
177,477,4,477,19,175,477,21,477,8,179,477,23,477,24,183,477,25,      479P    313
477,26,181,477,23,477,25,185,477,24,477,26,53,477,27,477,28,59,      479P    314
477,29,477,30,115,477,28,477,31,119,477,30,477,32,117,477,32,        479P    315
477,31,113,477,3,477,28,89,477,33,477,31,91,477,34,477,32,57,        479P    316
477,35,477,36,65,477,37,477,38,123,477,36,477,39,127,477,38,477,     479P    317
40,125,477,40,477,39,121,477,30,477,36,423,477,41,477,39,413,        479P    318
477,42,477,40,63,477,43,477,44,69,477,45,477,46,101,477,44,477,      479P    319
47,105,477,46,477,48,103,477,48,477,47,129,477,38,477,44,107,        479P    320
477,46,477,7,51,477,49,477,47,131,477,50,477,48,93,477,51,477,       479P    321
52,97,477,53,477,54,43,477,27,477,33,39,477,29,477,34,41,477,34,     479P    322
477,33,55,477,2,477,27,37,477,35,477,41,33,477,37,477,42,35,477,     479P    323
42,477,41,61,477,29,477,35,31,477,43,477,49,47,477,45,477,50,49,     479P    324
477,50,477,49,67,477,37,477,43,71,477,45,477,6,269,477,9,477,14,     479P    325
187,477,55,477,56,191,477,57,477,58,189,477,55,477,57,193,477,       479P    326
56,477,58,195,477,59,477,60,199,477,61,477,62,197,477,59,477,61,     479P    327
201,477,60,477,62,261,477,13,477,18,171,477,20,477,22,233,477,       479P    328
13,477,20,249,477,18,477,22,111,477,63,477,64,109,477,65,477,66,     479P    329
219,477,63,477,67,243,477,66,477,68,237,477,64,477,69,241,477,       479P    330
65,477,70,271,477,67,477,69,275,477,70,477,68,221,477,67,477,9,      479P    331
259,477,68,477,14,273,477,69,477,70,239,477,64,477,65,235,477,       479P    332
19,477,63,245,477,21,477,66,95,477,52,477,54,99,477,51,477,53,       479P    333
415,477,71,477,72,419,477,73,477,74,417,477,72,477,74,421,477,       479P    334
71,477,73,133,477,75,477,76,137,477,77,477,78,135,477,76,477,78,     479P    335
139,477,75,477,77,297,477,79,477,80,309,477,81,477,82,299,477,       479P    336
79,477,83,313,477,81,477,84,329,477,84,477,85,301,477,83,477,86,     479P    337
303,477,86,477,80,285,477,85,477,82,337,477,87,477,88,331,477,       479P    338
89,477,90,339,477,87,477,91,319,477,89,477,92,311,477,92,477,93,     479P    339
341,477,91,477,94,343,477,94,477,88,291,477,93,477,90,287,477,       479P    340
85,477,23,293,477,93,477,52,317,477,84,477,25,323,477,92,477,54,     479P    341
295,477,51,477,90,289,477,24,477,82,321,477,53,477,89,315,477,       479P    342
26,477,81,325,477,86,477,85,327,477,84,477,83,305,477,82,477,80,     479P    343
307,477,79,477,81,345,477,94,477,93,347,477,92,477,91,333,477,       479P    344
90,477,88,335,477,87,477,89,361,477,95,477,96,373,477,97,477,98,     479P    345
363,477,95,477,99,377,477,97,477,100,393,477,100,477,101,365,        479P    346
477,99,477,102,367,477,102,477,96,349,477,101,477,98,401,477,        479P    347
103,477,104,395,477,105,477,106,403,477,103,477,107,383,477,105,     479P    348
477,108,375,477,108,477,109,405,477,107,477,110,407,477,110,477,     479P    349
104,355,477,109,477,106,351,477,101,477,55,357,477,109,477,72,       479P    350
381,477,100,477,57,387,477,108,477,74,359,477,71,477,106,353,        479P    351
477,56,477,98,385,477,73,477,105,379,477,58,477,97,389,477,102,      479P    352
477,101,391,477,100,477,99,369,477,98,477,96,371,477,95,477,97,      479P    353
409,477,110,477,109,411,477,108,477,107,397,477,106,477,104,399,     479P    354
477,103,477,105,153,477,111,477,112,165,477,113,477,114,155,477,     479P    355
111,477,115,433,477,113,477,116,425,477,116,477,117,157,477,115,     479P    356
477,118,159,477,118,477,112,141,477,117,477,114,445,477,119,477,     479P    357
120,427,477,121,477,122,447,477,119,477,123,439,477,121,477,124,     479P    358
167,477,124,477,125,449,477,123,477,126,451,477,126,477,120,147,     479P    359
477,125,477,122,143,477,117,477,59,149,477,125,477,76,437,477,       479P    360
116,477,61,443,477,124,477,78,151,477,75,477,122,145,477,60,477,     479P    361
114,441,477,77,477,121,435,477,62,477,113,429,477,118,477,117,       479P    362
431,477,116,477,115,161,477,114,477,112,163,477,111,477,113,457,     479P    363
477,126,477,125,459,477,124,477,123,453,477,122,477,120,455,477,     479P    364
119,477,121,73,477,127,477,128,79,477,128,477,129,77,477,129,        479P    365
477,130,75,477,130,477,127,203,477,131,477,132,205,477,132,477,      479P    366
133,207,477,133,477,134,209,477,134,477,131,461,477,131,477,127,     479P    367
463,477,132,477,128,465,477,133,477,129,467,477,134,477,130,81,      479P    368
477,135,477,136,87,477,136,477,137,85,477,137,477,138,83,477,        479P    369
138,477,135,211,477,139,477,140,213,477,140,477,141,215,477,141,     479P    370
477,142,217,477,142,477,139,469,477,139,477,135,471,477,140,477,     479P    371
136,473,477,141,477,137,475,477,142,477,138;                         479P    372
128,1,1,1,1,0,0,1,0,0,-3.016D0,-3.016D0,3.016D0,3.016D0,             481P    373
-1.6432D0,-1.6432D0,1.6432D0,1.6432D0,1D0,1D0,1D0,1D0,-3.81D0,       481P    374
-1.6432D0,3.016D0,-3.81D0,-1.6432D0,-3.016D0,-3.81D0,1.6432D0,       481P    375
3.016D0,-3.81D0,1.6432D0,-3.016D0,-3.016D0,3.016D0,-1.6432D0,        481P    376
1.6432D0;                                                            481P    377
508,4,0,479,1,1,0,0,479,2,1,0,0,479,3,1,0,0,479,4,1,0;               483P    378
510,481,1,0,483;                                                     485P    379
128,1,1,1,1,0,0,1,0,0,-6.32D-2,-6.32D-2,3.2232D0,3.2232D0,           487P    380
-1.524D-1,-1.524D-1,7.7724D0,7.7724D0,1D0,1D0,1D0,1D0,-3.9624D0,     487P    381
1.6432D0,2.9D0,-3.9624D0,-1.6432D0,2.9D0,3.9624D0,1.6432D0,          487P    382
2.9D0,3.9624D0,-1.6432D0,2.9D0,-6.32D-2,3.2232D0,-1.524D-1,          487P    383
7.7724D0;                                                            487P    384
508,16,0,479,64,0,0,0,479,67,0,0,0,479,61,1,0,0,479,62,1,0,0,        489P    385
479,60,0,0,0,479,63,0,0,0,479,57,1,0,0,479,58,1,0,0,479,56,0,0,      489P    386
0,479,59,0,0,0,479,1,0,0,0,479,9,1,0,0,479,5,1,0,0,479,68,0,0,0,     489P    387
479,65,1,0,0,479,66,1,0;                                             489P    388
510,487,1,0,489;                                                     491P    389
128,1,1,1,1,0,0,1,0,0,-2.161905825886D-2,-2.161905825886D-2,         493P    390
6.616190582589D-1,6.616190582589D-1,-5.916D0,-5.916D0,1.16D-1,       493P    391
1.16D-1,1D0,1D0,1D0,1D0,1.7D0,-9.183809417411D-1,-3.016D0,1.7D0,     493P    392
-1.601619058259D0,-3.016D0,1.7D0,-9.183809417411D-1,3.016D0,         493P    393
1.7D0,-1.601619058259D0,3.016D0,-2.161905825886D-2,                  493P    394
6.616190582589D-1,-5.916D0,1.16D-1;                                  493P    395
508,4,0,479,45,0,0,0,479,64,1,0,0,479,52,1,0,0,479,47,0,0;           495P    396
510,493,1,0,495;                                                     497P    397
128,1,1,1,1,0,0,1,0,0,-1.16D-1,-1.16D-1,5.916D0,5.916D0,             499P    398
-1.524D-1,-1.524D-1,7.7724D0,7.7724D0,1D0,1D0,1D0,1D0,-3.9624D0,     499P    399
-1.58D0,3.016D0,-3.9624D0,-1.58D0,-3.016D0,3.9624D0,-1.58D0,         499P    400
3.016D0,3.9624D0,-1.58D0,-3.016D0,-1.16D-1,5.916D0,-1.524D-1,        499P    401
7.7724D0;                                                            499P    402
508,4,0,479,29,1,0,0,479,34,0,0,0,479,2,0,0,0,479,59,1,0;            501P    403
510,499,1,0,501;                                                     503P    404
128,1,1,1,1,0,0,1,0,0,-1.16D-1,-1.16D-1,5.916D0,5.916D0,             505P    405
-1.524D-1,-1.524D-1,7.7724D0,7.7724D0,1D0,1D0,1D0,1D0,-3.9624D0,     505P    406
-1.58D0,3.016D0,-3.9624D0,-1.58D0,-3.016D0,3.9624D0,-1.58D0,         505P    407
3.016D0,3.9624D0,-1.58D0,-3.016D0,-1.16D-1,5.916D0,-1.524D-1,        505P    408
7.7724D0;                                                            505P    409
508,4,0,479,37,1,0,0,479,42,0,0,0,479,30,0,0,0,479,63,1,0;           507P    410
508,4,0,479,202,0,0,0,479,205,0,0,0,479,204,0,0,0,479,203,0,0;       509P    411
510,505,2,0,507,509;                                                 511P    412
128,1,1,1,1,0,0,1,0,0,-1.16D-1,-1.16D-1,5.916D0,5.916D0,             513P    413
-1.524D-1,-1.524D-1,7.7724D0,7.7724D0,1D0,1D0,1D0,1D0,-3.9624D0,     513P    414
-1.58D0,3.016D0,-3.9624D0,-1.58D0,-3.016D0,3.9624D0,-1.58D0,         513P    415
3.016D0,3.9624D0,-1.58D0,-3.016D0,-1.16D-1,5.916D0,-1.524D-1,        513P    416
7.7724D0;                                                            513P    417
508,4,0,479,45,1,0,0,479,50,0,0,0,479,38,0,0,0,479,67,1,0;           515P    418
508,4,0,479,214,0,0,0,479,217,0,0,0,479,216,0,0,0,479,215,0,0;       517P    419
510,513,2,0,515,517;                                                 519P    420
128,1,1,1,1,0,0,1,0,0,-1.16D-1,-1.16D-1,5.916D0,5.916D0,             521P    421
-1.524D-1,-1.524D-1,7.7724D0,7.7724D0,1D0,1D0,1D0,1D0,-3.9624D0,     521P    422
-1.58D0,3.016D0,-3.9624D0,-1.58D0,-3.016D0,3.9624D0,-1.58D0,         521P    423
3.016D0,3.9624D0,-1.58D0,-3.016D0,-1.16D-1,5.916D0,-1.524D-1,        521P    424
7.7724D0;                                                            521P    425
508,4,0,479,46,0,0,0,479,68,1,0,0,479,6,1,0,0,479,51,0,0;            523P    426
510,521,1,0,523;                                                     525P    427
128,1,1,1,1,0,0,1,0,0,-2.161905825886D-2,-2.161905825886D-2,         527P    428
6.616190582589D-1,6.616190582589D-1,-5.916D0,-5.916D0,1.16D-1,       527P    429
1.16D-1,1D0,1D0,1D0,1D0,-3.38D0,-9.183809417411D-1,-3.016D0,         527P    430
-3.38D0,-1.601619058259D0,-3.016D0,-3.38D0,-9.183809417411D-1,       527P    431
3.016D0,-3.38D0,-1.601619058259D0,3.016D0,-2.161905825886D-2,        527P    432
6.616190582589D-1,-5.916D0,1.16D-1;                                  527P    433
508,4,0,479,29,0,0,0,479,56,1,0,0,479,35,1,0,0,479,31,0,0;           529P    434
510,527,1,0,529;                                                     531P    435
128,1,1,1,1,0,0,1,0,0,-3.36D-2,-3.36D-2,1.7136D0,1.7136D0,           533P    436
-5.916D0,-5.916D0,1.16D-1,1.16D-1,1D0,1D0,1D0,1D0,-1.6664D0,         533P    437
-9.4D-1,-3.016D0,-3.4136D0,-9.4D-1,-3.016D0,-1.6664D0,-9.4D-1,       533P    438
3.016D0,-3.4136D0,-9.4D-1,3.016D0,-3.36D-2,1.7136D0,-5.916D0,        533P    439
1.16D-1;                                                             533P    440
508,4,0,479,33,1,0,0,479,35,0,0,0,479,58,0,0,0,479,36,1,0;           535P    441
508,4,0,479,54,1,0,0,479,96,1,0,0,479,55,0,0,0,479,97,0,0;           537P    442
510,533,2,0,535,537;                                                 539P    443
128,1,1,1,1,0,0,1,0,0,-2.34D-1,-2.34D-1,1.1934D1,1.1934D1,           541P    444
-1.524D-1,-1.524D-1,7.7724D0,7.7724D0,1D0,1D0,1D0,1D0,-3.9624D0,     541P    445
-1.814D0,-2.9D0,-3.9624D0,1.0354D1,-2.9D0,3.9624D0,-1.814D0,         541P    446
-2.9D0,3.9624D0,1.0354D1,-2.9D0,-2.34D-1,1.1934D1,-1.524D-1,         541P    447
7.7724D0;                                                            541P    448
508,22,0,479,47,1,0,0,479,49,0,0,0,479,48,0,0,0,479,51,1,0,0,        543P    449
479,7,1,0,0,479,24,0,0,0,479,95,1,0,0,479,83,0,0,0,479,93,0,0,0,     543P    450
479,82,0,0,0,479,94,0,0,0,479,23,0,0,0,479,3,0,0,0,479,34,1,0,0,     543P    451
479,31,1,0,0,479,33,0,0,0,479,32,0,0,0,479,42,1,0,0,479,39,1,0,      543P    452
0,479,41,0,0,0,479,40,0,0,0,479,50,1,0;                              543P    453
510,541,1,0,543;                                                     545P    454
128,1,1,1,1,0,0,1,0,0,-3.36D-2,-3.36D-2,1.7136D0,1.7136D0,           547P    455
-5.916D0,-5.916D0,1.16D-1,1.16D-1,1D0,1D0,1D0,1D0,3.4136D0,          547P    456
-9.4D-1,-3.016D0,1.6664D0,-9.4D-1,-3.016D0,3.4136D0,-9.4D-1,         547P    457
3.016D0,1.6664D0,-9.4D-1,3.016D0,-3.36D-2,1.7136D0,-5.916D0,         547P    458
1.16D-1;                                                             547P    459
508,4,0,479,49,1,0,0,479,52,0,0,0,479,66,0,0,0,479,53,1,0;           549P    460
508,4,0,479,102,1,0,0,479,104,1,0,0,479,103,0,0,0,479,105,0,0;       551P    461
510,547,2,0,549,551;                                                 553P    462
128,1,1,1,1,0,0,1,0,0,-2.161905825886D-2,-2.161905825886D-2,         555P    463
6.616190582589D-1,6.616190582589D-1,-5.916D0,-5.916D0,1.16D-1,       555P    464
1.16D-1,1D0,1D0,1D0,1D0,3.38D0,-1.601619058259D0,-3.016D0,           555P    465
3.38D0,-9.183809417411D-1,-3.016D0,3.38D0,-1.601619058259D0,         555P    466
3.016D0,3.38D0,-9.183809417411D-1,3.016D0,-2.161905825886D-2,        555P    467
6.616190582589D-1,-5.916D0,1.16D-1;                                  555P    468
508,4,0,479,46,1,0,0,479,48,1,0,0,479,53,0,0,0,479,65,0,0;           557P    469
510,555,1,0,557;                                                     559P    470
128,1,1,1,1,0,0,1,0,0,-3.216190582588D-1,-3.216190582588D-1,         561P    471
3.616190582589D-1,3.616190582589D-1,-4.9044D0,-4.9044D0,             561P    472
8.8444D0,8.8444D0,1D0,1D0,1D0,1D0,2.22D0,-4.9044D0,                  561P    473
3.216190582588D-1,2.22D0,-4.9044D0,-3.616190582589D-1,2.22D0,        561P    474
8.8444D0,3.216190582588D-1,2.22D0,8.8444D0,-3.616190582589D-1,       561P    475
-3.216190582588D-1,3.616190582589D-1,-4.9044D0,8.8444D0;             561P    476
508,4,0,479,177,0,0,0,479,186,1,0,0,479,74,1,0,0,479,191,1,0;        563P    477
510,561,1,0,563;                                                     565P    478
128,1,1,1,1,0,0,1,0,0,-3.216190582588D-1,-3.216190582588D-1,         567P    479
3.616190582589D-1,3.616190582589D-1,-4.9044D0,-4.9044D0,             567P    480
8.8444D0,8.8444D0,1D0,1D0,1D0,1D0,2.22D0,-4.9044D0,                  567P    481
3.216190582588D-1,2.22D0,-4.9044D0,-3.616190582589D-1,2.22D0,        567P    482
8.8444D0,3.216190582588D-1,2.22D0,8.8444D0,-3.616190582589D-1,       567P    483
-3.216190582588D-1,3.616190582589D-1,-4.9044D0,8.8444D0;             567P    484
508,4,0,479,185,0,0,0,479,187,1,0,0,479,102,0,0,0,479,190,1,0;       569P    485
510,567,1,0,569;                                                     571P    486
128,1,1,1,1,0,0,1,0,0,-2.908772986156D-1,-2.908772986156D-1,         573P    487
2.908772986156D-1,2.908772986156D-1,-3.416190582588D-1,              573P    488
-3.416190582588D-1,3.416190582589D-1,3.416190582589D-1,1D0,1D0,      573P    489
1D0,1D0,2.211970883331D0,8.559927208328D0,3.216190582588D-1,         573P    490
2.428029116669D0,9.100072791672D0,3.216190582588D-1,                 573P    491
2.211970883331D0,8.559927208328D0,-3.616190582589D-1,                573P    492
2.428029116669D0,9.100072791672D0,-3.616190582589D-1,                573P    493
-2.908772986156D-1,2.908772986156D-1,-3.416190582588D-1,             573P    494
3.416190582589D-1;                                                   573P    495
508,4,0,479,176,0,0,0,479,194,1,0,0,479,177,1,0,0,479,196,1,0;       575P    496
510,573,1,0,575;                                                     577P    497
128,1,1,1,1,0,0,1,0,0,1.783809417411D-1,1.783809417411D-1,           579P    498
4.616190582588D-1,4.616190582588D-1,1.783809417411D-1,               579P    499
1.783809417411D-1,4.616190582589D-1,4.616190582589D-1,1D0,1D0,       579P    500
1D0,1D0,2.398380941741D0,9.08D0,-1.616190582589D-1,                  579P    501
2.398380941741D0,9.08D0,1.216190582588D-1,2.681619058259D0,          579P    502
9.08D0,-1.616190582589D-1,2.681619058259D0,9.08D0,                   579P    503
1.216190582588D-1,1.783809417411D-1,4.616190582588D-1,               579P    504
1.783809417411D-1,4.616190582589D-1;                                 579P    505
508,4,0,479,170,0,0,0,479,172,1,0,0,479,175,1,0,0,479,176,1,0;       581P    506
510,579,1,0,581;                                                     583P    507
128,1,1,1,1,0,0,1,0,0,-2.908772986156D-1,-2.908772986156D-1,         585P    508
2.908772986156D-1,2.908772986156D-1,-3.416190582589D-1,              585P    509
-3.416190582589D-1,3.416190582589D-1,3.416190582589D-1,1D0,1D0,      585P    510
1D0,1D0,2.881619058259D0,9.100072791672D0,-1.319708833311D-1,        585P    511
2.881619058259D0,8.559927208328D0,-3.480291166689D-1,                585P    512
2.198380941741D0,9.100072791672D0,-1.319708833311D-1,                585P    513
2.198380941741D0,8.559927208328D0,-3.480291166689D-1,                585P    514
-2.908772986156D-1,2.908772986156D-1,-3.416190582589D-1,             585P    515
3.416190582589D-1;                                                   585P    516
508,4,0,479,170,1,0,0,479,196,0,0,0,479,171,0,0,0,479,197,0,0;       587P    517
510,585,1,0,587;                                                     589P    518
128,1,1,1,1,0,0,1,0,0,2.356D-1,2.356D-1,1.39844D1,1.39844D1,         591P    519
-2.161905825886D-2,-2.161905825886D-2,6.616190582589D-1,             591P    520
6.616190582589D-1,1D0,1D0,1D0,1D0,2.198380941741D0,-4.9044D0,        591P    521
-3.4D-1,2.198380941741D0,8.8444D0,-3.4D-1,2.881619058259D0,          591P    522
-4.9044D0,-3.4D-1,2.881619058259D0,8.8444D0,-3.4D-1,2.356D-1,        591P    523
1.39844D1,-2.161905825886D-2,6.616190582589D-1;                      591P    524
508,4,0,479,171,1,0,0,479,191,0,0,0,479,77,1,0,0,479,193,1,0;        593P    525
510,591,1,0,593;                                                     595P    526
128,1,1,1,1,0,0,1,0,0,2.356D-1,2.356D-1,1.39844D1,1.39844D1,         597P    527
-2.161905825886D-2,-2.161905825886D-2,6.616190582589D-1,             597P    528
6.616190582589D-1,1D0,1D0,1D0,1D0,2.198380941741D0,-4.9044D0,        597P    529
-3.4D-1,2.198380941741D0,8.8444D0,-3.4D-1,2.881619058259D0,          597P    530
-4.9044D0,-3.4D-1,2.881619058259D0,8.8444D0,-3.4D-1,2.356D-1,        597P    531
1.39844D1,-2.161905825886D-2,6.616190582589D-1;                      597P    532
508,4,0,479,182,0,0,0,479,189,1,0,0,479,104,0,0,0,479,187,0,0;       599P    533
510,597,1,0,599;                                                     601P    534
128,1,1,1,1,0,0,1,0,0,-1.16D-1,-1.16D-1,5.916D0,5.916D0,             603P    535
-1.524D-1,-1.524D-1,7.7724D0,7.7724D0,1D0,1D0,1D0,1D0,-3.9624D0,     603P    536
1.58D0,-3.016D0,-3.9624D0,1.58D0,3.016D0,3.9624D0,1.58D0,            603P    537
-3.016D0,3.9624D0,1.58D0,3.016D0,-1.16D-1,5.916D0,-1.524D-1,         603P    538
7.7724D0;                                                            603P    539
508,8,0,479,21,1,0,0,479,79,1,0,0,479,22,0,0,0,479,24,1,0,0,479,     605P    540
8,1,0,0,479,9,0,0,0,479,4,0,0,0,479,23,1,0;                          605P    541
508,4,0,479,25,0,0,0,479,27,1,0,0,479,26,1,0,0,479,28,0,0;           607P    542
508,4,0,479,70,0,0,0,479,72,1,0,0,479,71,1,0,0,479,73,0,0;           609P    543
508,4,0,479,74,0,0,0,479,76,1,0,0,479,75,1,0,0,479,77,0,0;           611P    544
508,4,0,479,206,1,0,0,479,207,1,0,0,479,208,1,0,0,479,209,1,0;       613P    545
508,4,0,479,218,1,0,0,479,219,1,0,0,479,220,1,0,0,479,221,1,0;       615P    546
510,603,6,0,605,607,609,611,613,615;                                 617P    547
128,1,1,1,1,0,0,1,0,0,1.268D0,1.268D0,2.932D0,2.932D0,1.4242D0,      619P    548
1.4242D0,9.5258D0,9.5258D0,1D0,1D0,1D0,1D0,-2.54D0,1.4242D0,         619P    549
-1.268D0,-2.54D0,1.4242D0,-2.932D0,-2.54D0,9.5258D0,-1.268D0,        619P    550
-2.54D0,9.5258D0,-2.932D0,1.268D0,2.932D0,1.4242D0,9.5258D0;         619P    551
508,9,0,479,84,1,0,0,479,90,1,0,0,479,10,1,0,0,479,11,1,0,0,479,     621P    552
12,1,0,0,479,13,1,0,0,479,80,1,0,0,479,21,0,0,0,479,94,1,0;          621P    553
510,619,1,0,621;                                                     623P    554
128,1,1,1,1,0,0,1,0,0,-2.161905825886D-2,-2.161905825886D-2,         625P    555
8.197523876158D-1,8.197523876158D-1,-1.021619058259D0,               625P    556
-1.021619058259D0,2.161905825886D-2,2.161905825886D-2,1D0,1D0,       625P    557
1D0,1D0,-2.547394153404D0,9.349684730486D0,-2.921619058259D0,        625P    558
-2.259628170896D0,1.014031526951D1,-2.921619058259D0,                625P    559
-2.547394153404D0,9.349684730486D0,-1.878380941741D0,                625P    560
-2.259628170896D0,1.014031526951D1,-1.878380941741D0,                625P    561
-2.161905825886D-2,8.197523876158D-1,-1.021619058259D0,              625P    562
2.161905825886D-2;                                                   625P    563
508,4,0,479,82,1,0,0,479,86,1,0,0,479,88,0,0,0,479,84,0,0;           627P    564
510,625,1,0,627;                                                     629P    565
128,1,1,1,1,0,0,1,0,0,-2.161905825886D-2,-2.161905825886D-2,         631P    566
1.021619058259D0,1.021619058259D0,1.822967827276D-1,                 631P    567
1.822967827276D-1,4.897703217272D0,4.897703217272D0,1D0,1D0,1D0,     631P    568
1D0,-2.357703217272D0,1.012D1,-2.921619058259D0,                     631P    569
-2.357703217272D0,1.012D1,-1.878380941741D0,2.357703217272D0,        631P    570
1.012D1,-2.921619058259D0,2.357703217272D0,1.012D1,                  631P    571
-1.878380941741D0,-2.161905825886D-2,1.021619058259D0,               631P    572
1.822967827276D-1,4.897703217272D0;                                  631P    573
508,4,0,479,86,0,0,0,479,93,1,0,0,479,87,1,0,0,479,92,0,0;           633P    574
510,631,1,0,633;                                                     635P    575
128,1,1,1,1,0,0,1,0,0,-2.161905825886D-2,-2.161905825886D-2,         637P    576
8.197523876158D-1,8.197523876158D-1,-1.021619058259D0,               637P    577
-1.021619058259D0,2.161905825886D-2,2.161905825886D-2,1D0,1D0,       637P    578
1D0,1D0,2.259628170896D0,1.014031526951D1,-2.921619058259D0,         637P    579
2.547394153404D0,9.349684730486D0,-2.921619058259D0,                 637P    580
2.259628170896D0,1.014031526951D1,-1.878380941741D0,                 637P    581
2.547394153404D0,9.349684730486D0,-1.878380941741D0,                 637P    582
-2.161905825886D-2,8.197523876158D-1,-1.021619058259D0,              637P    583
2.161905825886D-2;                                                   637P    584
508,4,0,479,83,1,0,0,479,85,1,0,0,479,89,0,0,0,479,87,0,0;           639P    585
510,637,1,0,639;                                                     641P    586
128,1,1,1,1,0,0,1,0,0,1.268D0,1.268D0,2.932D0,2.932D0,1.4242D0,      643P    587
1.4242D0,9.5258D0,9.5258D0,1D0,1D0,1D0,1D0,2.54D0,1.4242D0,          643P    588
-1.268D0,2.54D0,1.4242D0,-2.932D0,2.54D0,9.5258D0,-1.268D0,          643P    589
2.54D0,9.5258D0,-2.932D0,1.268D0,2.932D0,1.4242D0,9.5258D0;          643P    590
508,9,0,479,85,0,0,0,479,95,0,0,0,479,22,1,0,0,479,81,0,0,0,479,     645P    591
17,0,0,0,479,16,0,0,0,479,15,0,0,0,479,14,0,0,0,479,91,0,0;          645P    592
510,643,1,0,645;                                                     647P    593
110,-2.54D0,2.18D0,-1.3D0,-1.54D0,2.18D0,-1.3D0;                     649P    594
110,-2.6416D0,2.18D0,-1.9D0,2.6416D0,2.18D0,-1.9D0;                  651P    595
120,649,651,4.676357216620D0,6.319217070944D0;                       653P    596
508,4,0,479,79,0,0,0,479,80,0,0,0,479,78,1,0,0,479,81,1,0;           655P    597
510,653,1,0,655;                                                     657P    598
128,1,1,1,1,0,0,1,0,0,-3.38D-2,-3.38D-2,1.7238D0,1.7238D0,           659P    599
-1.016D-1,-1.016D-1,5.1816D0,5.1816D0,1D0,1D0,1D0,1D0,-2.6416D0,     659P    600
3.9038D0,-1.9D0,-2.6416D0,2.1462D0,-1.9D0,2.6416D0,3.9038D0,         659P    601
-1.9D0,2.6416D0,2.1462D0,-1.9D0,-3.38D-2,1.7238D0,-1.016D-1,         659P    602
5.1816D0;                                                            659P    603
508,4,0,479,13,0,0,0,479,20,1,0,0,479,17,1,0,0,479,78,0,0;           661P    604
510,659,1,0,661;                                                     663P    605
128,1,1,1,1,0,0,1,0,0,-2.161905825886D-2,-2.161905825886D-2,         665P    606
7.711522463166D-1,7.711522463166D-1,-1.016D-1,-1.016D-1,             665P    607
5.1816D0,5.1816D0,1D0,1D0,1D0,1D0,-2.6416D0,4.415286982698D0,        665P    608
-1.354713017302D0,-2.6416D0,3.854713017302D0,-1.915286982698D0,      665P    609
2.6416D0,4.415286982698D0,-1.354713017302D0,2.6416D0,                665P    610
3.854713017302D0,-1.915286982698D0,-2.161905825886D-2,               665P    611
7.711522463166D-1,-1.016D-1,5.1816D0;                                665P    612
508,4,0,479,12,0,0,0,479,19,1,0,0,479,16,1,0,0,479,20,0,0;           667P    613
510,665,1,0,667;                                                     669P    614
128,1,1,1,1,0,0,1,0,0,-2.161905825886D-2,-2.161905825886D-2,         671P    615
1.021619058259D0,1.021619058259D0,-1.016D-1,-1.016D-1,5.1816D0,      671P    616
5.1816D0,1D0,1D0,1D0,1D0,-2.6416D0,5.421619058259D0,-1.37D0,         671P    617
-2.6416D0,4.378380941741D0,-1.37D0,2.6416D0,5.421619058259D0,        671P    618
-1.37D0,2.6416D0,4.378380941741D0,-1.37D0,-2.161905825886D-2,        671P    619
1.021619058259D0,-1.016D-1,5.1816D0;                                 671P    620
508,4,0,479,11,0,0,0,479,18,1,0,0,479,15,1,0,0,479,19,0,0;           673P    621
510,671,1,0,673;                                                     675P    622
128,1,1,1,1,0,0,1,0,0,-2.161905825886D-2,-2.161905825886D-2,         677P    623
1.081619058259D0,1.081619058259D0,-1.016D-1,-1.016D-1,5.1816D0,      677P    624
5.1816D0,1D0,1D0,1D0,1D0,-2.6416D0,6.336709581670D0,                 677P    625
-1.910809529129D0,-2.6416D0,5.381277346342D0,-1.359190470871D0,      677P    626
2.6416D0,6.336709581670D0,-1.910809529129D0,2.6416D0,                677P    627
5.381277346342D0,-1.359190470871D0,-2.161905825886D-2,               677P    628
1.081619058259D0,-1.016D-1,5.1816D0;                                 677P    629
508,4,0,479,10,0,0,0,479,69,1,0,0,479,14,1,0,0,479,18,0,0;           679P    630
510,677,1,0,679;                                                     681P    631
128,1,1,1,1,0,0,1,0,0,-7.604026143977D-2,-7.604026143977D-2,         683P    632
3.878053333428D0,3.878053333428D0,-1.016D-1,-1.016D-1,5.1816D0,      683P    633
5.1816D0,1D0,1D0,1D0,1D0,-2.6416D0,1.019604026144D1,-1.9D0,          683P    634
-2.6416D0,6.241946666572D0,-1.9D0,2.6416D0,1.019604026144D1,         683P    635
-1.9D0,2.6416D0,6.241946666572D0,-1.9D0,-7.604026143977D-2,          683P    636
3.878053333428D0,-1.016D-1,5.1816D0;                                 683P    637
508,6,0,479,88,1,0,0,479,92,1,0,0,479,89,1,0,0,479,91,1,0,0,479,     685P    638
69,0,0,0,479,90,0,0;                                                 685P    639
510,683,1,0,685;                                                     687P    640
128,1,1,1,1,0,0,1,0,0,-3.016D0,-3.016D0,3.016D0,3.016D0,             689P    641
-1.6432D0,-1.6432D0,1.6432D0,1.6432D0,1D0,1D0,1D0,1D0,3.81D0,        689P    642
-1.6432D0,3.016D0,3.81D0,-1.6432D0,-3.016D0,3.81D0,1.6432D0,         689P    643
3.016D0,3.81D0,1.6432D0,-3.016D0,-3.016D0,3.016D0,-1.6432D0,         689P    644
1.6432D0;                                                            689P    645
508,4,0,479,5,0,0,0,479,8,0,0,0,479,7,0,0,0,479,6,0,0;               691P    646
510,689,1,0,691;                                                     693P    647
128,1,1,1,1,0,0,1,0,0,-3.216190582588D-1,-3.216190582588D-1,         695P    648
3.616190582589D-1,3.616190582589D-1,-4.9044D0,-4.9044D0,             695P    649
8.8444D0,8.8444D0,1D0,1D0,1D0,1D0,-2.86D0,-4.9044D0,                 695P    650
3.216190582588D-1,-2.86D0,-4.9044D0,-3.616190582589D-1,-2.86D0,      695P    651
8.8444D0,3.216190582588D-1,-2.86D0,8.8444D0,-3.616190582589D-1,      695P    652
-3.216190582588D-1,3.616190582589D-1,-4.9044D0,8.8444D0;             695P    653
508,4,0,479,113,0,0,0,479,122,1,0,0,479,25,1,0,0,479,127,1,0;        697P    654
510,695,1,0,697;                                                     699P    655
128,1,1,1,1,0,0,1,0,0,-3.216190582588D-1,-3.216190582588D-1,         701P    656
3.616190582589D-1,3.616190582589D-1,-4.9044D0,-4.9044D0,             701P    657
8.8444D0,8.8444D0,1D0,1D0,1D0,1D0,-2.86D0,-4.9044D0,                 701P    658
3.216190582588D-1,-2.86D0,-4.9044D0,-3.616190582589D-1,-2.86D0,      701P    659
8.8444D0,3.216190582588D-1,-2.86D0,8.8444D0,-3.616190582589D-1,      701P    660
-3.216190582588D-1,3.616190582589D-1,-4.9044D0,8.8444D0;             701P    661
508,4,0,479,121,0,0,0,479,123,1,0,0,479,54,0,0,0,479,126,1,0;        703P    662
510,701,1,0,703;                                                     705P    663
128,1,1,1,1,0,0,1,0,0,-2.908772986156D-1,-2.908772986156D-1,         707P    664
2.908772986156D-1,2.908772986156D-1,-3.416190582589D-1,              707P    665
-3.416190582589D-1,3.416190582589D-1,3.416190582589D-1,1D0,1D0,      707P    666
1D0,1D0,-2.868029116669D0,8.559927208328D0,3.216190582588D-1,        707P    667
-2.651970883331D0,9.100072791672D0,3.216190582588D-1,                707P    668
-2.868029116669D0,8.559927208328D0,-3.616190582589D-1,               707P    669
-2.651970883331D0,9.100072791672D0,-3.616190582589D-1,               707P    670
-2.908772986156D-1,2.908772986156D-1,-3.416190582589D-1,             707P    671
3.416190582589D-1;                                                   707P    672
508,4,0,479,112,0,0,0,479,130,1,0,0,479,113,1,0,0,479,132,1,0;       709P    673
510,707,1,0,709;                                                     711P    674
128,1,1,1,1,0,0,1,0,0,1.783809417411D-1,1.783809417411D-1,           713P    675
4.616190582588D-1,4.616190582588D-1,1.783809417411D-1,               713P    676
1.783809417411D-1,4.616190582589D-1,4.616190582589D-1,1D0,1D0,       713P    677
1D0,1D0,-2.681619058259D0,9.08D0,-1.616190582589D-1,                 713P    678
-2.681619058259D0,9.08D0,1.216190582588D-1,-2.398380941741D0,        713P    679
9.08D0,-1.616190582589D-1,-2.398380941741D0,9.08D0,                  713P    680
1.216190582588D-1,1.783809417411D-1,4.616190582588D-1,               713P    681
1.783809417411D-1,4.616190582589D-1;                                 713P    682
508,4,0,479,106,0,0,0,479,108,1,0,0,479,111,1,0,0,479,112,1,0;       715P    683
510,713,1,0,715;                                                     717P    684
128,1,1,1,1,0,0,1,0,0,-2.908772986156D-1,-2.908772986156D-1,         719P    685
2.908772986156D-1,2.908772986156D-1,-3.416190582589D-1,              719P    686
-3.416190582589D-1,3.416190582589D-1,3.416190582589D-1,1D0,1D0,      719P    687
1D0,1D0,-2.198380941741D0,9.100072791672D0,-1.319708833311D-1,       719P    688
-2.198380941741D0,8.559927208328D0,-3.480291166689D-1,               719P    689
-2.881619058259D0,9.100072791672D0,-1.319708833311D-1,               719P    690
-2.881619058259D0,8.559927208328D0,-3.480291166689D-1,               719P    691
-2.908772986156D-1,2.908772986156D-1,-3.416190582589D-1,             719P    692
3.416190582589D-1;                                                   719P    693
508,4,0,479,106,1,0,0,479,132,0,0,0,479,107,0,0,0,479,133,0,0;       721P    694
510,719,1,0,721;                                                     723P    695
128,1,1,1,1,0,0,1,0,0,2.356D-1,2.356D-1,1.39844D1,1.39844D1,         725P    696
-2.161905825886D-2,-2.161905825886D-2,6.616190582589D-1,             725P    697
6.616190582589D-1,1D0,1D0,1D0,1D0,-2.881619058259D0,-4.9044D0,       725P    698
-3.4D-1,-2.881619058259D0,8.8444D0,-3.4D-1,-2.198380941741D0,        725P    699
-4.9044D0,-3.4D-1,-2.198380941741D0,8.8444D0,-3.4D-1,2.356D-1,       725P    700
1.39844D1,-2.161905825886D-2,6.616190582589D-1;                      725P    701
508,4,0,479,107,1,0,0,479,127,0,0,0,479,28,1,0,0,479,129,1,0;        727P    702
510,725,1,0,727;                                                     729P    703
128,1,1,1,1,0,0,1,0,0,2.356D-1,2.356D-1,1.39844D1,1.39844D1,         731P    704
-2.161905825886D-2,-2.161905825886D-2,6.616190582589D-1,             731P    705
6.616190582589D-1,1D0,1D0,1D0,1D0,-2.881619058259D0,-4.9044D0,       731P    706
-3.4D-1,-2.881619058259D0,8.8444D0,-3.4D-1,-2.198380941741D0,        731P    707
-4.9044D0,-3.4D-1,-2.198380941741D0,8.8444D0,-3.4D-1,2.356D-1,       731P    708
1.39844D1,-2.161905825886D-2,6.616190582589D-1;                      731P    709
508,4,0,479,118,0,0,0,479,125,1,0,0,479,96,0,0,0,479,123,0,0;        733P    710
510,731,1,0,733;                                                     735P    711
128,1,1,1,1,0,0,1,0,0,-3.216190582588D-1,-3.216190582588D-1,         737P    712
3.616190582589D-1,3.616190582589D-1,-4.9044D0,-4.9044D0,             737P    713
8.8444D0,8.8444D0,1D0,1D0,1D0,1D0,-2.22D0,-4.9044D0,                 737P    714
3.216190582588D-1,-2.22D0,-4.9044D0,-3.616190582589D-1,-2.22D0,      737P    715
8.8444D0,3.216190582588D-1,-2.22D0,8.8444D0,-3.616190582589D-1,      737P    716
-3.216190582588D-1,3.616190582589D-1,-4.9044D0,8.8444D0;             737P    717
508,4,0,479,109,0,0,0,479,129,0,0,0,479,26,0,0,0,479,124,0,0;        739P    718
510,737,1,0,739;                                                     741P    719
128,1,1,1,1,0,0,1,0,0,-3.216190582588D-1,-3.216190582588D-1,         743P    720
3.616190582589D-1,3.616190582589D-1,-4.9044D0,-4.9044D0,             743P    721
8.8444D0,8.8444D0,1D0,1D0,1D0,1D0,-2.22D0,-4.9044D0,                 743P    722
3.216190582588D-1,-2.22D0,-4.9044D0,-3.616190582589D-1,-2.22D0,      743P    723
8.8444D0,3.216190582588D-1,-2.22D0,8.8444D0,-3.616190582589D-1,      743P    724
-3.216190582588D-1,3.616190582589D-1,-4.9044D0,8.8444D0;             743P    725
508,4,0,479,117,0,0,0,479,128,0,0,0,479,55,1,0,0,479,125,0,0;        745P    726
510,743,1,0,745;                                                     747P    727
128,1,1,1,1,0,0,1,0,0,-2.908772986156D-1,-2.908772986156D-1,         749P    728
2.908772986156D-1,2.908772986156D-1,-3.416190582589D-1,              749P    729
-3.416190582589D-1,3.416190582588D-1,3.416190582588D-1,1D0,1D0,      749P    730
1D0,1D0,-2.211970883331D0,8.559927208328D0,-3.616190582589D-1,       749P    731
-2.428029116669D0,9.100072791672D0,-3.616190582589D-1,               749P    732
-2.211970883331D0,8.559927208328D0,3.216190582588D-1,                749P    733
-2.428029116669D0,9.100072791672D0,3.216190582588D-1,                749P    734
-2.908772986156D-1,2.908772986156D-1,-3.416190582589D-1,             749P    735
3.416190582588D-1;                                                   749P    736
508,4,0,479,108,0,0,0,479,133,1,0,0,479,109,1,0,0,479,131,1,0;       751P    737
510,749,1,0,751;                                                     753P    738
128,1,1,1,1,0,0,1,0,0,-2.908772986156D-1,-2.908772986156D-1,         755P    739
2.908772986156D-1,2.908772986156D-1,-3.416190582589D-1,              755P    740
-3.416190582589D-1,3.416190582589D-1,3.416190582589D-1,1D0,1D0,      755P    741
1D0,1D0,-2.198380941741D0,8.559927208328D0,3.080291166689D-1,        755P    742
-2.198380941741D0,9.100072791672D0,9.197088333109D-2,                755P    743
-2.881619058259D0,8.559927208328D0,3.080291166689D-1,                755P    744
-2.881619058259D0,9.100072791672D0,9.197088333109D-2,                755P    745
-2.908772986156D-1,2.908772986156D-1,-3.416190582589D-1,             755P    746
3.416190582589D-1;                                                   755P    747
508,4,0,479,110,1,0,0,479,130,0,0,0,479,111,0,0,0,479,131,0,0;       757P    748
510,755,1,0,757;                                                     759P    749
128,1,1,1,1,0,0,1,0,0,2.356D-1,2.356D-1,1.39844D1,1.39844D1,         761P    750
-2.161905825886D-2,-2.161905825886D-2,6.616190582589D-1,             761P    751
6.616190582589D-1,1D0,1D0,1D0,1D0,-2.881619058259D0,8.8444D0,        761P    752
3D-1,-2.881619058259D0,-4.9044D0,3D-1,-2.198380941741D0,             761P    753
8.8444D0,3D-1,-2.198380941741D0,-4.9044D0,3D-1,2.356D-1,             761P    754
1.39844D1,-2.161905825886D-2,6.616190582589D-1;                      761P    755
508,4,0,479,110,0,0,0,479,124,1,0,0,479,27,0,0,0,479,122,0,0;        763P    756
510,761,1,0,763;                                                     765P    757
128,1,1,1,1,0,0,1,0,0,2.356D-1,2.356D-1,1.39844D1,1.39844D1,         767P    758
-2.161905825886D-2,-2.161905825886D-2,6.616190582589D-1,             767P    759
6.616190582589D-1,1D0,1D0,1D0,1D0,-2.881619058259D0,8.8444D0,        767P    760
3D-1,-2.881619058259D0,-4.9044D0,3D-1,-2.198380941741D0,             767P    761
8.8444D0,3D-1,-2.198380941741D0,-4.9044D0,3D-1,2.356D-1,             767P    762
1.39844D1,-2.161905825886D-2,6.616190582589D-1;                      767P    763
508,4,0,479,115,1,0,0,479,126,0,0,0,479,97,1,0,0,479,128,1,0;        769P    764
510,767,1,0,769;                                                     771P    765
128,1,1,1,1,0,0,1,0,0,-2.908772986156D-1,-2.908772986156D-1,         773P    766
2.908772986156D-1,2.908772986156D-1,-3.416190582589D-1,              773P    767
-3.416190582589D-1,3.416190582589D-1,3.416190582589D-1,1D0,1D0,      773P    768
1D0,1D0,-2.198380941741D0,-5.160072791672D0,9.197088333109D-2,       773P    769
-2.198380941741D0,-4.619927208328D0,3.080291166689D-1,               773P    770
-2.881619058259D0,-5.160072791672D0,9.197088333109D-2,               773P    771
-2.881619058259D0,-4.619927208328D0,3.080291166689D-1,               773P    772
-2.908772986156D-1,2.908772986156D-1,-3.416190582589D-1,             773P    773
3.416190582589D-1;                                                   773P    774
508,4,0,479,114,1,0,0,479,136,0,0,0,479,115,0,0,0,479,137,0,0;       775P    775
510,773,1,0,775;                                                     777P    776
128,1,1,1,1,0,0,1,0,0,1.783809417411D-1,1.783809417411D-1,           779P    777
4.616190582588D-1,4.616190582588D-1,1.783809417411D-1,               779P    778
1.783809417411D-1,4.616190582589D-1,4.616190582589D-1,1D0,1D0,       779P    779
1D0,1D0,-2.681619058259D0,-5.14D0,1.216190582588D-1,                 779P    780
-2.681619058259D0,-5.14D0,-1.616190582589D-1,-2.398380941741D0,      779P    781
-5.14D0,1.216190582588D-1,-2.398380941741D0,-5.14D0,                 779P    782
-1.616190582589D-1,1.783809417411D-1,4.616190582588D-1,              779P    783
1.783809417411D-1,4.616190582589D-1;                                 779P    784
508,4,0,479,114,0,0,0,479,116,1,0,0,479,119,1,0,0,479,120,1,0;       781P    785
510,779,1,0,781;                                                     783P    786
128,1,1,1,1,0,0,1,0,0,-2.908772986156D-1,-2.908772986156D-1,         785P    787
2.908772986156D-1,2.908772986156D-1,-3.416190582589D-1,              785P    788
-3.416190582589D-1,3.416190582588D-1,3.416190582588D-1,1D0,1D0,      785P    789
1D0,1D0,-2.211970883331D0,-4.619927208328D0,3.216190582588D-1,       785P    790
-2.428029116669D0,-5.160072791672D0,3.216190582588D-1,               785P    791
-2.211970883331D0,-4.619927208328D0,-3.616190582589D-1,              785P    792
-2.428029116669D0,-5.160072791672D0,-3.616190582589D-1,              785P    793
-2.908772986156D-1,2.908772986156D-1,-3.416190582589D-1,             785P    794
3.416190582588D-1;                                                   785P    795
508,4,0,479,116,0,0,0,479,137,1,0,0,479,117,1,0,0,479,135,1,0;       787P    796
510,785,1,0,787;                                                     789P    797
128,1,1,1,1,0,0,1,0,0,-2.908772986156D-1,-2.908772986156D-1,         791P    798
2.908772986156D-1,2.908772986156D-1,-3.416190582589D-1,              791P    799
-3.416190582589D-1,3.416190582589D-1,3.416190582589D-1,1D0,1D0,      791P    800
1D0,1D0,-2.198380941741D0,-4.619927208328D0,-3.480291166689D-1,      791P    801
-2.198380941741D0,-5.160072791672D0,-1.319708833311D-1,              791P    802
-2.881619058259D0,-4.619927208328D0,-3.480291166689D-1,              791P    803
-2.881619058259D0,-5.160072791672D0,-1.319708833311D-1,              791P    804
-2.908772986156D-1,2.908772986156D-1,-3.416190582589D-1,             791P    805
3.416190582589D-1;                                                   791P    806
508,4,0,479,118,1,0,0,479,134,0,0,0,479,119,0,0,0,479,135,0,0;       793P    807
510,791,1,0,793;                                                     795P    808
128,1,1,1,1,0,0,1,0,0,-2.908772986156D-1,-2.908772986156D-1,         797P    809
2.908772986156D-1,2.908772986156D-1,-3.416190582589D-1,              797P    810
-3.416190582589D-1,3.416190582589D-1,3.416190582589D-1,1D0,1D0,      797P    811
1D0,1D0,-2.868029116669D0,-4.619927208328D0,-3.616190582589D-1,      797P    812
-2.651970883331D0,-5.160072791672D0,-3.616190582589D-1,              797P    813
-2.868029116669D0,-4.619927208328D0,3.216190582588D-1,               797P    814
-2.651970883331D0,-5.160072791672D0,3.216190582588D-1,               797P    815
-2.908772986156D-1,2.908772986156D-1,-3.416190582589D-1,             797P    816
3.416190582589D-1;                                                   797P    817
508,4,0,479,120,0,0,0,479,134,1,0,0,479,121,1,0,0,479,136,1,0;       799P    818
510,797,1,0,799;                                                     801P    819
128,1,1,1,1,0,0,1,0,0,-3.216190582588D-1,-3.216190582588D-1,         803P    820
3.616190582589D-1,3.616190582589D-1,-4.9044D0,-4.9044D0,             803P    821
8.8444D0,8.8444D0,1D0,1D0,1D0,1D0,-3.2D-1,-4.9044D0,                 803P    822
3.216190582588D-1,-3.2D-1,-4.9044D0,-3.616190582589D-1,-3.2D-1,      803P    823
8.8444D0,3.216190582588D-1,-3.2D-1,8.8444D0,-3.616190582589D-1,      803P    824
-3.216190582588D-1,3.616190582589D-1,-4.9044D0,8.8444D0;             803P    825
508,4,0,479,145,0,0,0,479,154,1,0,0,479,70,1,0,0,479,159,1,0;        805P    826
510,803,1,0,805;                                                     807P    827
128,1,1,1,1,0,0,1,0,0,-3.216190582588D-1,-3.216190582588D-1,         809P    828
3.616190582589D-1,3.616190582589D-1,-4.9044D0,-4.9044D0,             809P    829
8.8444D0,8.8444D0,1D0,1D0,1D0,1D0,-3.2D-1,-4.9044D0,                 809P    830
3.216190582588D-1,-3.2D-1,-4.9044D0,-3.616190582589D-1,-3.2D-1,      809P    831
8.8444D0,3.216190582588D-1,-3.2D-1,8.8444D0,-3.616190582589D-1,      809P    832
-3.216190582588D-1,3.616190582589D-1,-4.9044D0,8.8444D0;             809P    833
508,4,0,479,153,0,0,0,479,155,1,0,0,479,98,0,0,0,479,158,1,0;        811P    834
510,809,1,0,811;                                                     813P    835
128,1,1,1,1,0,0,1,0,0,-2.908772986156D-1,-2.908772986156D-1,         815P    836
2.908772986156D-1,2.908772986156D-1,-3.416190582589D-1,              815P    837
-3.416190582589D-1,3.416190582589D-1,3.416190582589D-1,1D0,1D0,      815P    838
1D0,1D0,-3.280291166689D-1,8.559927208328D0,3.216190582588D-1,       815P    839
-1.119708833311D-1,9.100072791672D0,3.216190582588D-1,               815P    840
-3.280291166689D-1,8.559927208328D0,-3.616190582589D-1,              815P    841
-1.119708833311D-1,9.100072791672D0,-3.616190582589D-1,              815P    842
-2.908772986156D-1,2.908772986156D-1,-3.416190582589D-1,             815P    843
3.416190582589D-1;                                                   815P    844
508,4,0,479,144,0,0,0,479,162,1,0,0,479,145,1,0,0,479,164,1,0;       817P    845
510,815,1,0,817;                                                     819P    846
128,1,1,1,1,0,0,1,0,0,1.783809417411D-1,1.783809417411D-1,           821P    847
4.616190582588D-1,4.616190582588D-1,1.783809417411D-1,               821P    848
1.783809417411D-1,4.616190582589D-1,4.616190582589D-1,1D0,1D0,       821P    849
1D0,1D0,-1.416190582589D-1,9.08D0,-1.616190582589D-1,                821P    850
-1.416190582589D-1,9.08D0,1.216190582588D-1,1.416190582589D-1,       821P    851
9.08D0,-1.616190582589D-1,1.416190582589D-1,9.08D0,                  821P    852
1.216190582588D-1,1.783809417411D-1,4.616190582588D-1,               821P    853
1.783809417411D-1,4.616190582589D-1;                                 821P    854
508,4,0,479,138,0,0,0,479,140,1,0,0,479,143,1,0,0,479,144,1,0;       823P    855
510,821,1,0,823;                                                     825P    856
128,1,1,1,1,0,0,1,0,0,-2.908772986156D-1,-2.908772986156D-1,         827P    857
2.908772986156D-1,2.908772986156D-1,-3.416190582589D-1,              827P    858
-3.416190582589D-1,3.416190582589D-1,3.416190582589D-1,1D0,1D0,      827P    859
1D0,1D0,3.416190582589D-1,9.100072791672D0,-1.319708833311D-1,       827P    860
3.416190582589D-1,8.559927208328D0,-3.480291166689D-1,               827P    861
-3.416190582589D-1,9.100072791672D0,-1.319708833311D-1,              827P    862
-3.416190582589D-1,8.559927208328D0,-3.480291166689D-1,              827P    863
-2.908772986156D-1,2.908772986156D-1,-3.416190582589D-1,             827P    864
3.416190582589D-1;                                                   827P    865
508,4,0,479,138,1,0,0,479,164,0,0,0,479,139,0,0,0,479,165,0,0;       829P    866
510,827,1,0,829;                                                     831P    867
128,1,1,1,1,0,0,1,0,0,2.356D-1,2.356D-1,1.39844D1,1.39844D1,         833P    868
-2.161905825886D-2,-2.161905825886D-2,6.616190582589D-1,             833P    869
6.616190582589D-1,1D0,1D0,1D0,1D0,-3.416190582589D-1,-4.9044D0,      833P    870
-3.4D-1,-3.416190582589D-1,8.8444D0,-3.4D-1,3.416190582589D-1,       833P    871
-4.9044D0,-3.4D-1,3.416190582589D-1,8.8444D0,-3.4D-1,2.356D-1,       833P    872
1.39844D1,-2.161905825886D-2,6.616190582589D-1;                      833P    873
508,4,0,479,139,1,0,0,479,159,0,0,0,479,73,1,0,0,479,161,1,0;        835P    874
510,833,1,0,835;                                                     837P    875
128,1,1,1,1,0,0,1,0,0,2.356D-1,2.356D-1,1.39844D1,1.39844D1,         839P    876
-2.161905825886D-2,-2.161905825886D-2,6.616190582589D-1,             839P    877
6.616190582589D-1,1D0,1D0,1D0,1D0,-3.416190582589D-1,-4.9044D0,      839P    878
-3.4D-1,-3.416190582589D-1,8.8444D0,-3.4D-1,3.416190582589D-1,       839P    879
-4.9044D0,-3.4D-1,3.416190582589D-1,8.8444D0,-3.4D-1,2.356D-1,       839P    880
1.39844D1,-2.161905825886D-2,6.616190582589D-1;                      839P    881
508,4,0,479,150,0,0,0,479,157,1,0,0,479,100,0,0,0,479,155,0,0;       841P    882
510,839,1,0,841;                                                     843P    883
128,1,1,1,1,0,0,1,0,0,-3.216190582588D-1,-3.216190582588D-1,         845P    884
3.616190582589D-1,3.616190582589D-1,-4.9044D0,-4.9044D0,             845P    885
8.8444D0,8.8444D0,1D0,1D0,1D0,1D0,3.2D-1,-4.9044D0,                  845P    886
3.216190582588D-1,3.2D-1,-4.9044D0,-3.616190582589D-1,3.2D-1,        845P    887
8.8444D0,3.216190582588D-1,3.2D-1,8.8444D0,-3.616190582589D-1,       845P    888
-3.216190582588D-1,3.616190582589D-1,-4.9044D0,8.8444D0;             845P    889
508,4,0,479,141,0,0,0,479,161,0,0,0,479,71,0,0,0,479,156,0,0;        847P    890
510,845,1,0,847;                                                     849P    891
128,1,1,1,1,0,0,1,0,0,-3.216190582588D-1,-3.216190582588D-1,         851P    892
3.616190582589D-1,3.616190582589D-1,-4.9044D0,-4.9044D0,             851P    893
8.8444D0,8.8444D0,1D0,1D0,1D0,1D0,3.2D-1,-4.9044D0,                  851P    894
3.216190582588D-1,3.2D-1,-4.9044D0,-3.616190582589D-1,3.2D-1,        851P    895
8.8444D0,3.216190582588D-1,3.2D-1,8.8444D0,-3.616190582589D-1,       851P    896
-3.216190582588D-1,3.616190582589D-1,-4.9044D0,8.8444D0;             851P    897
508,4,0,479,149,0,0,0,479,160,0,0,0,479,99,1,0,0,479,157,0,0;        853P    898
510,851,1,0,853;                                                     855P    899
128,1,1,1,1,0,0,1,0,0,-2.908772986156D-1,-2.908772986156D-1,         857P    900
2.908772986156D-1,2.908772986156D-1,-3.416190582588D-1,              857P    901
-3.416190582588D-1,3.416190582589D-1,3.416190582589D-1,1D0,1D0,      857P    902
1D0,1D0,3.280291166689D-1,8.559927208328D0,-3.616190582589D-1,       857P    903
1.119708833311D-1,9.100072791672D0,-3.616190582589D-1,               857P    904
3.280291166689D-1,8.559927208328D0,3.216190582588D-1,                857P    905
1.119708833311D-1,9.100072791672D0,3.216190582588D-1,                857P    906
-2.908772986156D-1,2.908772986156D-1,-3.416190582588D-1,             857P    907
3.416190582589D-1;                                                   857P    908
508,4,0,479,140,0,0,0,479,165,1,0,0,479,141,1,0,0,479,163,1,0;       859P    909
510,857,1,0,859;                                                     861P    910
128,1,1,1,1,0,0,1,0,0,-2.908772986156D-1,-2.908772986156D-1,         863P    911
2.908772986156D-1,2.908772986156D-1,-3.416190582589D-1,              863P    912
-3.416190582589D-1,3.416190582589D-1,3.416190582589D-1,1D0,1D0,      863P    913
1D0,1D0,3.416190582589D-1,8.559927208328D0,3.080291166689D-1,        863P    914
3.416190582589D-1,9.100072791672D0,9.197088333109D-2,                863P    915
-3.416190582589D-1,8.559927208328D0,3.080291166689D-1,               863P    916
-3.416190582589D-1,9.100072791672D0,9.197088333109D-2,               863P    917
-2.908772986156D-1,2.908772986156D-1,-3.416190582589D-1,             863P    918
3.416190582589D-1;                                                   863P    919
508,4,0,479,142,1,0,0,479,162,0,0,0,479,143,0,0,0,479,163,0,0;       865P    920
510,863,1,0,865;                                                     867P    921
128,1,1,1,1,0,0,1,0,0,2.356D-1,2.356D-1,1.39844D1,1.39844D1,         869P    922
-2.161905825886D-2,-2.161905825886D-2,6.616190582589D-1,             869P    923
6.616190582589D-1,1D0,1D0,1D0,1D0,-3.416190582589D-1,8.8444D0,       869P    924
3D-1,-3.416190582589D-1,-4.9044D0,3D-1,3.416190582589D-1,            869P    925
8.8444D0,3D-1,3.416190582589D-1,-4.9044D0,3D-1,2.356D-1,             869P    926
1.39844D1,-2.161905825886D-2,6.616190582589D-1;                      869P    927
508,4,0,479,142,0,0,0,479,156,1,0,0,479,72,0,0,0,479,154,0,0;        871P    928
510,869,1,0,871;                                                     873P    929
128,1,1,1,1,0,0,1,0,0,2.356D-1,2.356D-1,1.39844D1,1.39844D1,         875P    930
-2.161905825886D-2,-2.161905825886D-2,6.616190582589D-1,             875P    931
6.616190582589D-1,1D0,1D0,1D0,1D0,-3.416190582589D-1,8.8444D0,       875P    932
3D-1,-3.416190582589D-1,-4.9044D0,3D-1,3.416190582589D-1,            875P    933
8.8444D0,3D-1,3.416190582589D-1,-4.9044D0,3D-1,2.356D-1,             875P    934
1.39844D1,-2.161905825886D-2,6.616190582589D-1;                      875P    935
508,4,0,479,147,1,0,0,479,158,0,0,0,479,101,1,0,0,479,160,1,0;       877P    936
510,875,1,0,877;                                                     879P    937
128,1,1,1,1,0,0,1,0,0,-2.908772986156D-1,-2.908772986156D-1,         881P    938
2.908772986156D-1,2.908772986156D-1,-3.416190582589D-1,              881P    939
-3.416190582589D-1,3.416190582589D-1,3.416190582589D-1,1D0,1D0,      881P    940
1D0,1D0,3.416190582589D-1,-5.160072791672D0,9.197088333109D-2,       881P    941
3.416190582589D-1,-4.619927208328D0,3.080291166689D-1,               881P    942
-3.416190582589D-1,-5.160072791672D0,9.197088333109D-2,              881P    943
-3.416190582589D-1,-4.619927208328D0,3.080291166689D-1,              881P    944
-2.908772986156D-1,2.908772986156D-1,-3.416190582589D-1,             881P    945
3.416190582589D-1;                                                   881P    946
508,4,0,479,146,1,0,0,479,168,0,0,0,479,147,0,0,0,479,169,0,0;       883P    947
510,881,1,0,883;                                                     885P    948
128,1,1,1,1,0,0,1,0,0,1.783809417411D-1,1.783809417411D-1,           887P    949
4.616190582588D-1,4.616190582588D-1,1.783809417411D-1,               887P    950
1.783809417411D-1,4.616190582589D-1,4.616190582589D-1,1D0,1D0,       887P    951
1D0,1D0,-1.416190582589D-1,-5.14D0,1.216190582588D-1,                887P    952
-1.416190582589D-1,-5.14D0,-1.616190582589D-1,1.416190582589D-1,     887P    953
-5.14D0,1.216190582588D-1,1.416190582589D-1,-5.14D0,                 887P    954
-1.616190582589D-1,1.783809417411D-1,4.616190582588D-1,              887P    955
1.783809417411D-1,4.616190582589D-1;                                 887P    956
508,4,0,479,146,0,0,0,479,148,1,0,0,479,151,1,0,0,479,152,1,0;       889P    957
510,887,1,0,889;                                                     891P    958
128,1,1,1,1,0,0,1,0,0,-2.908772986156D-1,-2.908772986156D-1,         893P    959
2.908772986156D-1,2.908772986156D-1,-3.416190582589D-1,              893P    960
-3.416190582589D-1,3.416190582589D-1,3.416190582589D-1,1D0,1D0,      893P    961
1D0,1D0,3.280291166689D-1,-4.619927208328D0,3.216190582588D-1,       893P    962
1.119708833311D-1,-5.160072791672D0,3.216190582588D-1,               893P    963
3.280291166689D-1,-4.619927208328D0,-3.616190582589D-1,              893P    964
1.119708833311D-1,-5.160072791672D0,-3.616190582589D-1,              893P    965
-2.908772986156D-1,2.908772986156D-1,-3.416190582589D-1,             893P    966
3.416190582589D-1;                                                   893P    967
508,4,0,479,148,0,0,0,479,169,1,0,0,479,149,1,0,0,479,167,1,0;       895P    968
510,893,1,0,895;                                                     897P    969
128,1,1,1,1,0,0,1,0,0,-2.908772986156D-1,-2.908772986156D-1,         899P    970
2.908772986156D-1,2.908772986156D-1,-3.416190582589D-1,              899P    971
-3.416190582589D-1,3.416190582589D-1,3.416190582589D-1,1D0,1D0,      899P    972
1D0,1D0,3.416190582589D-1,-4.619927208328D0,-3.480291166689D-1,      899P    973
3.416190582589D-1,-5.160072791672D0,-1.319708833311D-1,              899P    974
-3.416190582589D-1,-4.619927208328D0,-3.480291166689D-1,             899P    975
-3.416190582589D-1,-5.160072791672D0,-1.319708833311D-1,             899P    976
-2.908772986156D-1,2.908772986156D-1,-3.416190582589D-1,             899P    977
3.416190582589D-1;                                                   899P    978
508,4,0,479,150,1,0,0,479,166,0,0,0,479,151,0,0,0,479,167,0,0;       901P    979
510,899,1,0,901;                                                     903P    980
128,1,1,1,1,0,0,1,0,0,-2.908772986156D-1,-2.908772986156D-1,         905P    981
2.908772986156D-1,2.908772986156D-1,-3.416190582589D-1,              905P    982
-3.416190582589D-1,3.416190582589D-1,3.416190582589D-1,1D0,1D0,      905P    983
1D0,1D0,-3.280291166689D-1,-4.619927208328D0,-3.616190582589D-1,     905P    984
-1.119708833311D-1,-5.160072791672D0,-3.616190582589D-1,             905P    985
-3.280291166689D-1,-4.619927208328D0,3.216190582588D-1,              905P    986
-1.119708833311D-1,-5.160072791672D0,3.216190582588D-1,              905P    987
-2.908772986156D-1,2.908772986156D-1,-3.416190582589D-1,             905P    988
3.416190582589D-1;                                                   905P    989
508,4,0,479,152,0,0,0,479,166,1,0,0,479,153,1,0,0,479,168,1,0;       907P    990
510,905,1,0,907;                                                     909P    991
128,1,1,1,1,0,0,1,0,0,-3.36D-2,-3.36D-2,1.7136D0,1.7136D0,           911P    992
-5.916D0,-5.916D0,1.16D-1,1.16D-1,1D0,1D0,1D0,1D0,8.736D-1,          911P    993
-9.4D-1,-3.016D0,-8.736D-1,-9.4D-1,-3.016D0,8.736D-1,-9.4D-1,        911P    994
3.016D0,-8.736D-1,-9.4D-1,3.016D0,-3.36D-2,1.7136D0,-5.916D0,        911P    995
1.16D-1;                                                             911P    996
508,4,0,479,41,1,0,0,479,43,0,0,0,479,62,0,0,0,479,44,1,0;           913P    997
508,4,0,479,98,1,0,0,479,100,1,0,0,479,99,0,0,0,479,101,0,0;         915P    998
510,911,2,0,913,915;                                                 917P    999
128,1,1,1,1,0,0,1,0,0,-2.161905825886D-2,-2.161905825886D-2,         919P   1000
6.616190582589D-1,6.616190582589D-1,-5.916D0,-5.916D0,1.16D-1,       919P   1001
1.16D-1,1D0,1D0,1D0,1D0,-8.4D-1,-9.183809417411D-1,-3.016D0,         919P   1002
-8.4D-1,-1.601619058259D0,-3.016D0,-8.4D-1,-9.183809417411D-1,       919P   1003
3.016D0,-8.4D-1,-1.601619058259D0,3.016D0,-2.161905825886D-2,        919P   1004
6.616190582589D-1,-5.916D0,1.16D-1;                                  919P   1005
508,4,0,479,37,0,0,0,479,60,1,0,0,479,43,1,0,0,479,39,0,0;           921P   1006
510,919,1,0,921;                                                     923P   1007
128,1,1,1,1,0,0,1,0,0,-2.161905825886D-2,-2.161905825886D-2,         925P   1008
6.616190582589D-1,6.616190582589D-1,-5.916D0,-5.916D0,1.16D-1,       925P   1009
1.16D-1,1D0,1D0,1D0,1D0,8.4D-1,-1.601619058259D0,-3.016D0,           925P   1010
8.4D-1,-9.183809417411D-1,-3.016D0,8.4D-1,-1.601619058259D0,         925P   1011
3.016D0,8.4D-1,-9.183809417411D-1,3.016D0,-2.161905825886D-2,        925P   1012
6.616190582589D-1,-5.916D0,1.16D-1;                                  925P   1013
508,4,0,479,38,1,0,0,479,40,1,0,0,479,44,0,0,0,479,61,0,0;           927P   1014
510,925,1,0,927;                                                     929P   1015
128,1,1,1,1,0,0,1,0,0,2.356D-1,2.356D-1,1.39844D1,1.39844D1,         931P   1016
-2.161905825886D-2,-2.161905825886D-2,6.616190582589D-1,             931P   1017
6.616190582589D-1,1D0,1D0,1D0,1D0,2.198380941741D0,8.8444D0,         931P   1018
3D-1,2.198380941741D0,-4.9044D0,3D-1,2.881619058259D0,8.8444D0,      931P   1019
3D-1,2.881619058259D0,-4.9044D0,3D-1,2.356D-1,1.39844D1,             931P   1020
-2.161905825886D-2,6.616190582589D-1;                                931P   1021
508,4,0,479,174,0,0,0,479,188,1,0,0,479,76,0,0,0,479,186,0,0;        933P   1022
510,931,1,0,933;                                                     935P   1023
128,1,1,1,1,0,0,1,0,0,2.356D-1,2.356D-1,1.39844D1,1.39844D1,         937P   1024
-2.161905825886D-2,-2.161905825886D-2,6.616190582589D-1,             937P   1025
6.616190582589D-1,1D0,1D0,1D0,1D0,2.198380941741D0,8.8444D0,         937P   1026
3D-1,2.198380941741D0,-4.9044D0,3D-1,2.881619058259D0,8.8444D0,      937P   1027
3D-1,2.881619058259D0,-4.9044D0,3D-1,2.356D-1,1.39844D1,             937P   1028
-2.161905825886D-2,6.616190582589D-1;                                937P   1029
508,4,0,479,179,1,0,0,479,190,0,0,0,479,105,1,0,0,479,192,1,0;       939P   1030
510,937,1,0,939;                                                     941P   1031
128,1,1,1,1,0,0,1,0,0,-2.908772986156D-1,-2.908772986156D-1,         943P   1032
2.908772986156D-1,2.908772986156D-1,-3.416190582589D-1,              943P   1033
-3.416190582589D-1,3.416190582589D-1,3.416190582589D-1,1D0,1D0,      943P   1034
1D0,1D0,2.881619058259D0,8.559927208328D0,3.080291166689D-1,         943P   1035
2.881619058259D0,9.100072791672D0,9.197088333109D-2,                 943P   1036
2.198380941741D0,8.559927208328D0,3.080291166689D-1,                 943P   1037
2.198380941741D0,9.100072791672D0,9.197088333109D-2,                 943P   1038
-2.908772986156D-1,2.908772986156D-1,-3.416190582589D-1,             943P   1039
3.416190582589D-1;                                                   943P   1040
508,4,0,479,174,1,0,0,479,194,0,0,0,479,175,0,0,0,479,195,0,0;       945P   1041
510,943,1,0,945;                                                     947P   1042
128,1,1,1,1,0,0,1,0,0,-2.908772986156D-1,-2.908772986156D-1,         949P   1043
2.908772986156D-1,2.908772986156D-1,-3.416190582589D-1,              949P   1044
-3.416190582589D-1,3.416190582588D-1,3.416190582588D-1,1D0,1D0,      949P   1045
1D0,1D0,2.868029116669D0,8.559927208328D0,-3.616190582589D-1,        949P   1046
2.651970883331D0,9.100072791672D0,-3.616190582589D-1,                949P   1047
2.868029116669D0,8.559927208328D0,3.216190582588D-1,                 949P   1048
2.651970883331D0,9.100072791672D0,3.216190582588D-1,                 949P   1049
-2.908772986156D-1,2.908772986156D-1,-3.416190582589D-1,             949P   1050
3.416190582588D-1;                                                   949P   1051
508,4,0,479,172,0,0,0,479,197,1,0,0,479,173,1,0,0,479,195,1,0;       951P   1052
510,949,1,0,951;                                                     953P   1053
128,1,1,1,1,0,0,1,0,0,-3.216190582588D-1,-3.216190582588D-1,         955P   1054
3.616190582589D-1,3.616190582589D-1,-4.9044D0,-4.9044D0,             955P   1055
8.8444D0,8.8444D0,1D0,1D0,1D0,1D0,2.86D0,-4.9044D0,                  955P   1056
3.216190582588D-1,2.86D0,-4.9044D0,-3.616190582589D-1,2.86D0,        955P   1057
8.8444D0,3.216190582588D-1,2.86D0,8.8444D0,-3.616190582589D-1,       955P   1058
-3.216190582588D-1,3.616190582589D-1,-4.9044D0,8.8444D0;             955P   1059
508,4,0,479,173,0,0,0,479,193,0,0,0,479,75,0,0,0,479,188,0,0;        957P   1060
510,955,1,0,957;                                                     959P   1061
128,1,1,1,1,0,0,1,0,0,-3.216190582588D-1,-3.216190582588D-1,         961P   1062
3.616190582589D-1,3.616190582589D-1,-4.9044D0,-4.9044D0,             961P   1063
8.8444D0,8.8444D0,1D0,1D0,1D0,1D0,2.86D0,-4.9044D0,                  961P   1064
3.216190582588D-1,2.86D0,-4.9044D0,-3.616190582589D-1,2.86D0,        961P   1065
8.8444D0,3.216190582588D-1,2.86D0,8.8444D0,-3.616190582589D-1,       961P   1066
-3.216190582588D-1,3.616190582589D-1,-4.9044D0,8.8444D0;             961P   1067
508,4,0,479,181,0,0,0,479,192,0,0,0,479,103,1,0,0,479,189,0,0;       963P   1068
510,961,1,0,963;                                                     965P   1069
128,1,1,1,1,0,0,1,0,0,-2.908772986156D-1,-2.908772986156D-1,         967P   1070
2.908772986156D-1,2.908772986156D-1,-3.416190582589D-1,              967P   1071
-3.416190582589D-1,3.416190582588D-1,3.416190582588D-1,1D0,1D0,      967P   1072
1D0,1D0,2.868029116669D0,-4.619927208328D0,3.216190582588D-1,        967P   1073
2.651970883331D0,-5.160072791672D0,3.216190582588D-1,                967P   1074
2.868029116669D0,-4.619927208328D0,-3.616190582589D-1,               967P   1075
2.651970883331D0,-5.160072791672D0,-3.616190582589D-1,               967P   1076
-2.908772986156D-1,2.908772986156D-1,-3.416190582589D-1,             967P   1077
3.416190582588D-1;                                                   967P   1078
508,4,0,479,180,0,0,0,479,201,1,0,0,479,181,1,0,0,479,199,1,0;       969P   1079
510,967,1,0,969;                                                     971P   1080
128,1,1,1,1,0,0,1,0,0,1.783809417411D-1,1.783809417411D-1,           973P   1081
4.616190582588D-1,4.616190582588D-1,1.783809417411D-1,               973P   1082
1.783809417411D-1,4.616190582589D-1,4.616190582589D-1,1D0,1D0,       973P   1083
1D0,1D0,2.398380941741D0,-5.14D0,1.216190582588D-1,                  973P   1084
2.398380941741D0,-5.14D0,-1.616190582589D-1,2.681619058259D0,        973P   1085
-5.14D0,1.216190582588D-1,2.681619058259D0,-5.14D0,                  973P   1086
-1.616190582589D-1,1.783809417411D-1,4.616190582588D-1,              973P   1087
1.783809417411D-1,4.616190582589D-1;                                 973P   1088
508,4,0,479,178,0,0,0,479,180,1,0,0,479,183,1,0,0,479,184,1,0;       975P   1089
510,973,1,0,975;                                                     977P   1090
128,1,1,1,1,0,0,1,0,0,-2.908772986156D-1,-2.908772986156D-1,         979P   1091
2.908772986156D-1,2.908772986156D-1,-3.416190582589D-1,              979P   1092
-3.416190582589D-1,3.416190582589D-1,3.416190582589D-1,1D0,1D0,      979P   1093
1D0,1D0,2.881619058259D0,-5.160072791672D0,9.197088333109D-2,        979P   1094
2.881619058259D0,-4.619927208328D0,3.080291166689D-1,                979P   1095
2.198380941741D0,-5.160072791672D0,9.197088333109D-2,                979P   1096
2.198380941741D0,-4.619927208328D0,3.080291166689D-1,                979P   1097
-2.908772986156D-1,2.908772986156D-1,-3.416190582589D-1,             979P   1098
3.416190582589D-1;                                                   979P   1099
508,4,0,479,178,1,0,0,479,200,0,0,0,479,179,0,0,0,479,201,0,0;       981P   1100
510,979,1,0,981;                                                     983P   1101
128,1,1,1,1,0,0,1,0,0,-2.908772986156D-1,-2.908772986156D-1,         985P   1102
2.908772986156D-1,2.908772986156D-1,-3.416190582588D-1,              985P   1103
-3.416190582588D-1,3.416190582589D-1,3.416190582589D-1,1D0,1D0,      985P   1104
1D0,1D0,2.211970883331D0,-4.619927208328D0,-3.616190582589D-1,       985P   1105
2.428029116669D0,-5.160072791672D0,-3.616190582589D-1,               985P   1106
2.211970883331D0,-4.619927208328D0,3.216190582588D-1,                985P   1107
2.428029116669D0,-5.160072791672D0,3.216190582588D-1,                985P   1108
-2.908772986156D-1,2.908772986156D-1,-3.416190582588D-1,             985P   1109
3.416190582589D-1;                                                   985P   1110
508,4,0,479,184,0,0,0,479,198,1,0,0,479,185,1,0,0,479,200,1,0;       987P   1111
510,985,1,0,987;                                                     989P   1112
128,1,1,1,1,0,0,1,0,0,-2.908772986156D-1,-2.908772986156D-1,         991P   1113
2.908772986156D-1,2.908772986156D-1,-3.416190582589D-1,              991P   1114
-3.416190582589D-1,3.416190582589D-1,3.416190582589D-1,1D0,1D0,      991P   1115
1D0,1D0,2.881619058259D0,-4.619927208328D0,-3.480291166689D-1,       991P   1116
2.881619058259D0,-5.160072791672D0,-1.319708833311D-1,               991P   1117
2.198380941741D0,-4.619927208328D0,-3.480291166689D-1,               991P   1118
2.198380941741D0,-5.160072791672D0,-1.319708833311D-1,               991P   1119
-2.908772986156D-1,2.908772986156D-1,-3.416190582589D-1,             991P   1120
3.416190582589D-1;                                                   991P   1121
508,4,0,479,182,1,0,0,479,198,0,0,0,479,183,0,0,0,479,199,0,0;       993P   1122
510,991,1,0,993;                                                     995P   1123
128,1,1,1,1,0,0,1,0,0,-3D-2,-3D-2,1.53D0,1.53D0,-3.2232D0,           997P   1124
-3.2232D0,6.32D-2,6.32D-2,1D0,1D0,1D0,1D0,-1.575D0,-1.6432D0,        997P   1125
-8D-1,-1.575D0,-1.6432D0,7.6D-1,-1.575D0,1.6432D0,-8D-1,             997P   1126
-1.575D0,1.6432D0,7.6D-1,-3D-2,1.53D0,-3.2232D0,6.32D-2;             997P   1127
508,4,0,479,202,1,0,0,479,211,0,0,0,479,206,0,0,0,479,210,1,0;       999P   1128
510,997,1,0,999;                                                    1001P   1129
128,1,1,1,1,0,0,1,0,0,-2.161905825886D-2,-2.161905825886D-2,        1003P   1130
6.316190582589D-1,6.316190582589D-1,-3.2232D0,-3.2232D0,6.32D-2,    1003P   1131
6.32D-2,1D0,1D0,1D0,1D0,-1.596619058259D0,-1.6432D0,7.3D-1,         1003P   1132
-9.433809417411D-1,-1.6432D0,7.3D-1,-1.596619058259D0,1.6432D0,     1003P   1133
7.3D-1,-9.433809417411D-1,1.6432D0,7.3D-1,-2.161905825886D-2,       1003P   1134
6.316190582589D-1,-3.2232D0,6.32D-2;                                1003P   1135
508,4,0,479,203,1,0,0,479,212,0,0,0,479,207,0,0,0,479,211,1,0;      1005P   1136
510,1003,1,0,1005;                                                  1007P   1137
128,1,1,1,1,0,0,1,0,0,-3D-2,-3D-2,1.53D0,1.53D0,-3.2232D0,          1009P   1138
-3.2232D0,6.32D-2,6.32D-2,1D0,1D0,1D0,1D0,-9.65D-1,-1.6432D0,       1009P   1139
7.6D-1,-9.65D-1,-1.6432D0,-8D-1,-9.65D-1,1.6432D0,7.6D-1,           1009P   1140
-9.65D-1,1.6432D0,-8D-1,-3D-2,1.53D0,-3.2232D0,6.32D-2;             1009P   1141
508,4,0,479,204,1,0,0,479,213,0,0,0,479,208,0,0,0,479,212,1,0;      1011P   1142
510,1009,1,0,1011;                                                  1013P   1143
128,1,1,1,1,0,0,1,0,0,-2.161905825886D-2,-2.161905825886D-2,        1015P   1144
6.316190582589D-1,6.316190582589D-1,-3.2232D0,-3.2232D0,6.32D-2,    1015P   1145
6.32D-2,1D0,1D0,1D0,1D0,-9.433809417411D-1,-1.6432D0,-7.7D-1,       1015P   1146
-1.596619058259D0,-1.6432D0,-7.7D-1,-9.433809417411D-1,1.6432D0,    1015P   1147
-7.7D-1,-1.596619058259D0,1.6432D0,-7.7D-1,-2.161905825886D-2,      1015P   1148
6.316190582589D-1,-3.2232D0,6.32D-2;                                1015P   1149
508,4,0,479,205,1,0,0,479,210,0,0,0,479,209,0,0,0,479,213,1,0;      1017P   1150
510,1015,1,0,1017;                                                  1019P   1151
128,1,1,1,1,0,0,1,0,0,-3D-2,-3D-2,1.53D0,1.53D0,-3.2232D0,          1021P   1152
-3.2232D0,6.32D-2,6.32D-2,1D0,1D0,1D0,1D0,9.65D-1,-1.6432D0,        1021P   1153
-8D-1,9.65D-1,-1.6432D0,7.6D-1,9.65D-1,1.6432D0,-8D-1,9.65D-1,      1021P   1154
1.6432D0,7.6D-1,-3D-2,1.53D0,-3.2232D0,6.32D-2;                     1021P   1155
508,4,0,479,214,1,0,0,479,223,0,0,0,479,218,0,0,0,479,222,1,0;      1023P   1156
510,1021,1,0,1023;                                                  1025P   1157
128,1,1,1,1,0,0,1,0,0,-2.161905825886D-2,-2.161905825886D-2,        1027P   1158
6.316190582589D-1,6.316190582589D-1,-3.2232D0,-3.2232D0,6.32D-2,    1027P   1159
6.32D-2,1D0,1D0,1D0,1D0,9.433809417411D-1,-1.6432D0,7.3D-1,         1027P   1160
1.596619058259D0,-1.6432D0,7.3D-1,9.433809417411D-1,1.6432D0,       1027P   1161
7.3D-1,1.596619058259D0,1.6432D0,7.3D-1,-2.161905825886D-2,         1027P   1162
6.316190582589D-1,-3.2232D0,6.32D-2;                                1027P   1163
508,4,0,479,215,1,0,0,479,224,0,0,0,479,219,0,0,0,479,223,1,0;      1029P   1164
510,1027,1,0,1029;                                                  1031P   1165
128,1,1,1,1,0,0,1,0,0,-3D-2,-3D-2,1.53D0,1.53D0,-3.2232D0,          1033P   1166
-3.2232D0,6.32D-2,6.32D-2,1D0,1D0,1D0,1D0,1.575D0,-1.6432D0,        1033P   1167
7.6D-1,1.575D0,-1.6432D0,-8D-1,1.575D0,1.6432D0,7.6D-1,1.575D0,     1033P   1168
1.6432D0,-8D-1,-3D-2,1.53D0,-3.2232D0,6.32D-2;                      1033P   1169
508,4,0,479,216,1,0,0,479,225,0,0,0,479,220,0,0,0,479,224,1,0;      1035P   1170
510,1033,1,0,1035;                                                  1037P   1171
128,1,1,1,1,0,0,1,0,0,-2.161905825886D-2,-2.161905825886D-2,        1039P   1172
6.316190582589D-1,6.316190582589D-1,-3.2232D0,-3.2232D0,6.32D-2,    1039P   1173
6.32D-2,1D0,1D0,1D0,1D0,1.596619058259D0,-1.6432D0,-7.7D-1,         1039P   1174
9.433809417411D-1,-1.6432D0,-7.7D-1,1.596619058259D0,1.6432D0,      1039P   1175
-7.7D-1,9.433809417411D-1,1.6432D0,-7.7D-1,-2.161905825886D-2,      1039P   1176
6.316190582589D-1,-3.2232D0,6.32D-2;                                1039P   1177
508,4,0,479,217,1,0,0,479,222,0,0,0,479,221,0,0,0,479,225,1,0;      1041P   1178
510,1039,1,0,1041;                                                  1043P   1179
128,1,1,1,1,0,0,1,0,0,-2.161905825886D-2,-2.161905825886D-2,        1045P   1180
6.616190582589D-1,6.616190582589D-1,-5.916D0,-5.916D0,1.16D-1,      1045P   1181
1.16D-1,1D0,1D0,1D0,1D0,-1.7D0,-1.601619058259D0,-3.016D0,          1045P   1182
-1.7D0,-9.183809417411D-1,-3.016D0,-1.7D0,-1.601619058259D0,        1045P   1183
3.016D0,-1.7D0,-9.183809417411D-1,3.016D0,-2.161905825886D-2,       1045P   1184
6.616190582589D-1,-5.916D0,1.16D-1;                                 1045P   1185
508,4,0,479,30,1,0,0,479,32,1,0,0,479,36,0,0,0,479,57,0,0;          1047P   1186
510,1045,1,0,1047;                                                  1049P   1187
514,91,485,0,491,1,497,0,503,1,511,1,519,1,525,1,531,0,539,0,       1051P   1188
545,1,553,0,559,0,565,0,571,0,577,1,583,1,589,1,595,1,601,1,617,    1051P   1189
1,623,0,629,0,635,1,641,0,647,1,657,0,663,1,669,1,675,1,681,1,      1051P   1190
687,1,693,1,699,0,705,0,711,1,717,1,723,1,729,1,735,1,741,1,747,    1051P   1191
1,753,1,759,1,765,1,771,1,777,1,783,1,789,1,795,1,801,1,807,0,      1051P   1192
813,0,819,1,825,1,831,1,837,1,843,1,849,1,855,1,861,1,867,1,873,    1051P   1193
1,879,1,885,1,891,1,897,1,903,1,909,1,917,0,923,0,929,0,935,1,      1051P   1194
941,1,947,1,953,1,959,1,965,1,971,1,977,1,983,1,989,1,995,1,        1051P   1195
1001,0,1007,0,1013,0,1019,0,1025,0,1031,0,1037,0,1043,0,1049,0;     1051P   1196
186,1051,1,0;                                                       1053P   1197
124,1D0,0D0,0D0,-2.54D0,0D0,0D0,-1D0,-1.58D0,0D0,1D0,0D0,0D0;       1055P   1198
100,0D0,0D0,0D0,5.95D-1,0D0,-5.95D-1,0D0;                           1057P   1199
124,-1D0,0D0,0D0,-2.54D0,0D0,0D0,-1D0,-1.58D0,0D0,-1D0,0D0,0D0;     1059P   1200
100,0D0,0D0,0D0,5.95D-1,0D0,-5.95D-1,0D0;                           1061P   1201
102,2,1057,1061;                                                    1063P   1202
124,1D0,0D0,0D0,0D0,0D0,0D0,-1D0,-1.58D0,0D0,1D0,0D0,0D0;           1065P   1203
100,0D0,0D0,0D0,5.95D-1,0D0,-5.95D-1,0D0;                           1067P   1204
124,-1D0,0D0,0D0,0D0,0D0,0D0,-1D0,-1.58D0,0D0,-1D0,0D0,0D0;         1069P   1205
100,0D0,0D0,0D0,5.95D-1,0D0,-5.95D-1,0D0;                           1071P   1206
102,2,1067,1071;                                                    1073P   1207
124,1D0,0D0,0D0,2.54D0,0D0,0D0,-1D0,-1.58D0,0D0,1D0,0D0,0D0;        1075P   1208
100,0D0,0D0,0D0,5.95D-1,0D0,-5.95D-1,0D0;                           1077P   1209
124,-1D0,0D0,0D0,2.54D0,0D0,0D0,-1D0,-1.58D0,0D0,-1D0,0D0,0D0;      1079P   1210
100,0D0,0D0,0D0,5.95D-1,0D0,-5.95D-1,0D0;                           1081P   1211
102,2,1077,1081;                                                    1083P   1212
406,1,12H5_ALL_CURVES;                                              1085P   1213
402,3,1063,1073,1083,0,1,1085;                                      1087P   1214
S      1G      4D   1088P   1214                                        T      1
